timestamp,number,status,available_bike_stands,available_bikes
2024-12-11 12:55:13.518000,55,1,12,1
2024-12-11 13:43:24.127000,55,1,12,1
2024-12-11 14:00:38.288000,55,1,11,2
2024-12-11 14:15:40.887000,55,1,10,3
2024-12-11 14:30:41.786000,55,1,12,1
2024-12-11 14:45:39.890000,55,1,13,0
2024-12-11 15:00:41.300000,55,1,13,0
2024-12-11 15:15:41.387000,55,1,13,0
2024-12-11 15:30:39.237000,55,1,12,1
2024-12-11 15:45:40.453000,55,1,12,1
2024-12-11 16:00:42.595000,55,1,12,1
2024-12-11 16:15:38.230000,55,1,13,0
2024-12-11 16:30:36.874000,55,1,11,2
2024-12-11 16:45:36.872000,55,1,12,1
2024-12-11 17:00:41.048000,55,1,9,4
2024-12-11 17:15:38.611000,55,1,10,3
2024-12-11 17:30:39.933000,55,1,11,2
2024-12-11 17:45:39.990000,55,1,13,0
2024-12-11 18:00:38.204000,55,1,10,2
2024-12-11 18:15:40.013000,55,1,6,6
2024-12-11 18:30:37.910000,55,1,7,6
2024-12-11 18:45:39.885000,55,1,13,0
2024-12-11 19:00:39.229000,55,1,11,2
2024-12-11 19:15:37.431000,55,1,11,2
2024-12-11 19:30:40.585000,55,1,11,2
2024-12-11 19:45:38.784000,55,1,9,4
2024-12-11 20:00:38.777000,55,1,10,3
2024-12-11 20:15:38.965000,55,1,10,3
2024-12-11 20:30:39.242000,55,1,10,3
2024-12-11 20:45:38.667000,55,1,9,4
2024-12-11 21:00:39.309000,55,1,10,3
2024-12-11 21:15:40.238000,55,1,11,2
2024-12-11 21:30:37.587000,55,1,9,4
2024-12-11 21:45:36.968000,55,1,10,3
2024-12-11 22:00:39.718000,55,1,13,0
2024-12-11 22:15:50.067000,55,1,13,0
2024-12-11 22:30:35.961000,55,1,13,0
2024-12-11 22:45:39.688000,55,1,12,1
2024-12-11 23:00:40.590000,55,1,13,0
2024-12-11 23:15:37.731000,55,1,13,0
2024-12-11 23:30:40.311000,55,1,13,0
2024-12-11 23:45:37.072000,55,1,13,0
2024-12-12 00:00:43.590000,55,1,13,0
2024-12-12 00:15:37.928000,55,1,13,0
2024-12-12 00:30:36.849000,55,1,13,0
2024-12-12 00:45:36.670000,55,1,13,0
2024-12-12 01:00:37.509000,55,1,13,0
2024-12-12 01:15:38.118000,55,1,13,0
2024-12-12 01:30:46.401000,55,1,13,0
2024-12-12 01:45:39.129000,55,1,13,0
2024-12-12 02:00:38.089000,55,1,13,0
2024-12-12 02:15:37.214000,55,1,13,0
2024-12-12 02:30:36.900000,55,1,13,0
2024-12-12 02:45:38.049000,55,1,13,0
2024-12-12 03:00:41.251000,55,1,13,0
2024-12-12 03:15:40.556000,55,1,13,0
2024-12-12 03:30:37.238000,55,1,13,0
2024-12-12 03:45:38.996000,55,1,13,0
2024-12-12 04:01:01.615000,55,1,13,0
2024-12-12 04:15:39.871000,55,1,13,0
2024-12-12 04:30:38.512000,55,1,13,0
2024-12-12 04:45:41.092000,55,1,13,0
2024-12-12 05:00:37.871000,55,1,13,0
2024-12-12 05:15:37.412000,55,1,13,0
2024-12-12 05:30:37.515000,55,1,13,0
2024-12-12 05:45:44.161000,55,1,13,0
2024-12-12 06:00:37.840000,55,1,13,0
2024-12-12 06:15:39.706000,55,1,11,2
2024-12-12 06:30:42.330000,55,1,11,2
2024-12-12 06:45:40.695000,55,1,8,5
2024-12-12 07:00:38.153000,55,1,0,13
2024-12-12 07:16:04.084000,55,1,1,12
2024-12-12 07:30:40.420000,55,1,2,11
2024-12-12 07:45:39.852000,55,1,0,13
2024-12-12 08:00:40.479000,55,1,1,12
2024-12-12 08:15:40.524000,55,1,0,13
2024-12-12 08:30:39.719000,55,1,0,13
2024-12-12 08:45:41.215000,55,1,0,13
2024-12-12 09:00:41.019000,55,1,1,12
2024-12-12 09:15:39.015000,55,1,2,11
2024-12-12 09:30:37.691000,55,1,4,8
2024-12-12 09:45:38.553000,55,1,4,8
2024-12-12 10:00:45.576000,55,1,4,8
2024-12-12 10:15:40.784000,55,1,10,2
2024-12-12 10:30:45.118000,55,1,10,2
2024-12-12 10:45:40.219000,55,1,9,3
2024-12-12 11:00:40.914000,55,1,9,3
2024-12-12 11:15:44.552000,55,1,9,3
2024-12-12 11:30:40.268000,55,1,9,3
2024-12-12 11:45:38.420000,55,1,10,2
2024-12-12 12:00:38.898000,55,1,10,2
2024-12-12 12:15:41.316000,55,1,12,0
2024-12-12 12:30:38.342000,55,1,6,7
2024-12-12 12:45:38.985000,55,1,1,12
2024-12-12 13:00:40.958000,55,1,1,12
2024-12-12 13:15:39.443000,55,1,0,12
2024-12-12 13:30:39.342000,55,1,0,12
2024-12-12 13:45:38.058000,55,1,3,9
2024-12-12 14:00:42.866000,55,1,7,5
2024-12-12 14:15:41.547000,55,1,3,9
2024-12-12 14:31:06.186000,55,1,5,7
2024-12-12 14:45:44.086000,55,1,9,3
2024-12-12 15:00:37.382000,55,1,8,4
2024-12-12 15:15:39.012000,55,1,11,2
2024-12-12 15:45:40.800000,55,1,13,0
2024-12-12 16:00:39.420000,55,1,13,0
2024-12-12 16:15:38.626000,55,1,13,0
2024-12-12 16:30:41.321000,55,1,13,0
2024-12-12 16:45:39.053000,55,1,13,0
2024-12-12 17:00:49.331000,55,1,12,1
2024-12-12 17:15:38.908000,55,1,12,1
2024-12-12 17:30:41.518000,55,1,12,1
2024-12-12 17:46:04.986000,55,1,12,1
2024-12-12 18:00:37.894000,55,1,13,0
2024-12-12 18:15:39.477000,55,1,9,4
2024-12-12 18:30:40.147000,55,1,8,5
2024-12-12 18:45:38.699000,55,1,13,0
2024-12-12 19:00:39.750000,55,1,11,2
2024-12-12 19:15:39.997000,55,1,11,2
2024-12-12 19:30:41.536000,55,1,11,2
2024-12-12 19:45:39.653000,55,1,11,2
2024-12-12 20:00:41.003000,55,1,12,1
2024-12-12 20:15:39.051000,55,1,13,0
2024-12-12 20:30:36.634000,55,1,12,1
2024-12-12 20:45:38.599000,55,1,13,0
2024-12-12 21:00:38.986000,55,1,11,2
2024-12-12 21:15:37.141000,55,1,11,2
2024-12-12 21:30:41.236000,55,1,13,0
2024-12-12 21:45:37.186000,55,1,13,0
2024-12-12 22:00:38.982000,55,1,12,1
2024-12-12 22:15:37.556000,55,1,10,3
2024-12-12 22:30:41.739000,55,1,12,1
2024-12-12 22:45:36.583000,55,1,13,0
2024-12-12 23:00:38.791000,55,1,13,0
2024-12-12 23:15:40.308000,55,1,13,0
2024-12-12 23:30:47.223000,55,1,11,1
2024-12-12 23:45:39.929000,55,1,12,0
2024-12-13 00:01:05.611000,55,1,12,0
2024-12-13 00:15:42.742000,55,1,12,0
2024-12-13 00:30:40.544000,55,1,11,1
2024-12-13 00:45:40.004000,55,1,11,1
2024-12-13 01:00:39.178000,55,1,12,0
2024-12-13 01:15:41.575000,55,1,12,0
2024-12-13 01:30:37.305000,55,1,12,1
2024-12-13 01:45:37.258000,55,1,12,1
2024-12-13 02:00:40.659000,55,1,13,0
2024-12-13 02:15:40.260000,55,1,13,0
2024-12-13 02:30:39.899000,55,1,13,0
2024-12-13 02:45:40.261000,55,1,13,0
2024-12-13 03:00:42.188000,55,1,13,0
2024-12-13 03:15:36.449000,55,1,13,0
2024-12-13 03:30:41.650000,55,1,13,0
2024-12-13 03:45:37.574000,55,1,13,0
2024-12-13 04:00:38.793000,55,1,13,0
2024-12-13 04:15:39.562000,55,1,13,0
2024-12-13 04:30:43.395000,55,1,13,0
2024-12-13 04:45:40.720000,55,1,13,0
2024-12-13 05:00:40.861000,55,1,13,0
2024-12-13 05:15:37.079000,55,1,13,0
2024-12-13 05:30:42.537000,55,1,13,0
2024-12-13 05:45:37.579000,55,1,12,1
2024-12-13 06:00:37.401000,55,1,12,1
2024-12-13 06:15:38.477000,55,1,9,4
2024-12-13 06:30:43.037000,55,1,7,6
2024-12-13 06:45:39.131000,55,1,9,4
2024-12-13 07:00:39.169000,55,1,0,13
2024-12-13 07:15:41.220000,55,1,1,12
2024-12-13 07:31:04.418000,55,1,2,11
2024-12-13 07:45:37.930000,55,1,0,13
2024-12-13 08:00:39.987000,55,1,1,12
2024-12-13 08:15:42.491000,55,1,0,13
2024-12-13 08:30:38.913000,55,1,1,12
2024-12-13 08:45:40.277000,55,1,0,13
2024-12-13 09:00:38.397000,55,1,2,11
2024-12-13 09:15:37.835000,55,1,0,13
2024-12-13 09:30:41.617000,55,1,5,8
2024-12-13 09:45:40.835000,55,1,4,9
2024-12-13 10:00:41.518000,55,1,0,12
2024-12-13 10:16:07.721000,55,1,2,10
2024-12-13 10:30:47.657000,55,1,1,11
2024-12-13 10:45:43.140000,55,1,0,12
2024-12-13 11:00:37.623000,55,1,1,11
2024-12-13 11:15:38.631000,55,1,5,7
2024-12-13 11:30:40.610000,55,1,5,8
2024-12-13 11:45:41.499000,55,1,5,8
2024-12-13 12:00:42.979000,55,1,1,12
2024-12-13 12:15:40.049000,55,1,5,8
2024-12-13 12:30:42.050000,55,1,10,3
2024-12-13 12:45:40.865000,55,1,12,1
2024-12-13 13:00:41.314000,55,1,10,3
2024-12-13 13:15:47.417000,55,1,10,3
2024-12-13 13:30:40.118000,55,1,9,4
2024-12-13 13:45:39.540000,55,1,8,5
2024-12-13 14:00:40.784000,55,1,3,9
2024-12-13 14:15:41.654000,55,1,2,10
2024-12-13 14:30:42.972000,55,1,4,9
2024-12-13 14:45:39.215000,55,1,3,10
2024-12-13 15:00:42.140000,55,1,1,12
2024-12-13 15:15:40.541000,55,1,8,4
2024-12-13 15:30:41.052000,55,1,10,2
2024-12-13 15:45:44.763000,55,1,12,1
2024-12-13 16:00:41.718000,55,1,12,1
2024-12-13 16:15:41.966000,55,1,11,2
2024-12-13 16:30:39.063000,55,1,10,3
2024-12-13 16:45:41.300000,55,1,12,1
2024-12-13 17:00:37.672000,55,1,13,0
2024-12-13 17:15:38.876000,55,1,11,1
2024-12-13 17:30:40.295000,55,1,7,5
2024-12-13 17:45:39.610000,55,1,9,4
2024-12-13 18:00:39.114000,55,1,8,5
2024-12-13 18:15:40.430000,55,1,9,4
2024-12-13 18:30:42.649000,55,1,13,0
2024-12-13 18:45:38.917000,55,1,13,0
2024-12-13 19:00:39.069000,55,1,13,0
2024-12-13 19:15:47.543000,55,1,13,0
2024-12-13 19:30:41.701000,55,1,8,5
2024-12-13 19:45:41.842000,55,1,9,4
2024-12-13 20:00:38.595000,55,1,8,5
2024-12-13 20:15:39.120000,55,1,7,6
2024-12-13 20:30:39.678000,55,1,8,5
2024-12-13 20:45:39.010000,55,1,9,4
2024-12-13 21:00:41.364000,55,1,13,0
2024-12-13 21:15:39.468000,55,1,13,0
2024-12-13 21:30:39.636000,55,1,13,0
2024-12-13 21:45:40.291000,55,1,13,0
2024-12-13 22:00:39.527000,55,1,13,0
2024-12-13 22:15:39.343000,55,1,13,0
2024-12-13 22:30:37.796000,55,1,12,1
2024-12-13 22:45:41.061000,55,1,12,1
2024-12-13 23:00:42.038000,55,1,11,2
2024-12-13 23:15:40.961000,55,1,10,3
2024-12-13 23:30:47.842000,55,1,13,0
2024-12-13 23:45:40.435000,55,1,12,1
2024-12-14 00:00:37.454000,55,1,12,1
2024-12-14 00:15:39.661000,55,1,12,1
2024-12-14 00:30:42.743000,55,1,11,2
2024-12-14 00:45:38.208000,55,1,13,0
2024-12-14 01:00:38.955000,55,1,13,0
2024-12-14 01:15:38.840000,55,1,13,0
2024-12-14 01:30:40.698000,55,1,13,0
2024-12-14 01:45:40.093000,55,1,13,0
2024-12-14 02:00:37.719000,55,1,13,0
2024-12-14 02:15:40.647000,55,1,12,1
2024-12-14 02:30:41.890000,55,1,12,1
2024-12-14 02:45:40.561000,55,1,12,1
2024-12-14 03:00:36.539000,55,1,12,1
2024-12-14 03:15:40.991000,55,1,12,1
2024-12-14 03:30:37.694000,55,1,12,1
2024-12-14 03:45:39.481000,55,1,13,0
2024-12-14 04:00:41.897000,55,1,13,0
2024-12-14 04:15:43.350000,55,1,13,0
2024-12-14 04:30:38.746000,55,1,13,0
2024-12-14 04:45:38.834000,55,1,13,0
2024-12-14 05:00:40.647000,55,1,13,0
2024-12-14 05:15:43.759000,55,1,13,0
2024-12-14 05:30:41.410000,55,1,13,0
2024-12-14 05:45:39.904000,55,1,13,0
2024-12-14 06:00:43.148000,55,1,13,0
2024-12-14 06:15:44.332000,55,1,12,1
2024-12-14 06:30:43.926000,55,1,13,0
2024-12-14 06:45:46.149000,55,1,13,0
2024-12-14 07:00:43.689000,55,1,12,1
2024-12-14 07:15:38.027000,55,1,12,1
2024-12-14 07:30:38.455000,55,1,12,1
2024-12-14 07:45:40.732000,55,1,13,0
2024-12-14 08:00:42.422000,55,1,13,0
2024-12-14 08:15:47.618000,55,1,12,1
2024-12-14 08:30:41.354000,55,1,13,0
2024-12-14 08:45:39.038000,55,1,13,0
2024-12-14 09:00:37.753000,55,1,13,0
2024-12-14 09:15:39.957000,55,1,13,0
2024-12-14 09:30:40.054000,55,1,13,0
2024-12-14 09:45:39.450000,55,1,12,1
2024-12-14 10:00:40.023000,55,1,11,2
2024-12-14 10:15:39.925000,55,1,11,2
2024-12-14 10:30:46.313000,55,1,13,0
2024-12-14 10:45:37.621000,55,1,12,1
2024-12-14 11:01:10.949000,55,1,12,1
2024-12-14 11:15:39.130000,55,1,12,1
2024-12-14 11:30:41.157000,55,1,9,4
2024-12-14 11:45:41.191000,55,1,9,4
2024-12-14 12:00:39.628000,55,1,5,8
2024-12-14 12:15:39.889000,55,1,4,9
2024-12-14 12:30:39.436000,55,1,5,8
2024-12-14 12:45:39.474000,55,1,6,7
2024-12-14 13:00:38.672000,55,1,6,7
2024-12-14 13:15:41.409000,55,1,6,7
2024-12-14 13:30:40.518000,55,1,6,7
2024-12-14 13:45:43.018000,55,1,2,10
2024-12-14 14:00:43.292000,55,1,0,12
2024-12-14 14:15:40.067000,55,1,1,11
2024-12-14 14:30:44.703000,55,1,5,7
2024-12-14 14:45:38.820000,55,1,5,7
2024-12-14 15:00:44.958000,55,1,4,8
2024-12-14 15:15:40.600000,55,1,3,10
2024-12-14 15:30:38.796000,55,1,3,10
2024-12-14 15:45:39.097000,55,1,3,10
2024-12-14 16:00:38.351000,55,1,4,9
2024-12-14 16:15:39.827000,55,1,5,8
2024-12-14 16:30:40.992000,55,1,3,10
2024-12-14 16:45:38.600000,55,1,2,11
2024-12-14 17:00:38.671000,55,1,4,9
2024-12-14 17:15:43.536000,55,1,4,9
2024-12-14 17:30:39.009000,55,1,4,9
2024-12-14 17:45:40.320000,55,1,4,9
2024-12-14 18:00:40.116000,55,1,4,9
2024-12-14 18:15:49.202000,55,1,4,9
2024-12-14 18:30:37.656000,55,1,5,8
2024-12-14 18:45:46.853000,55,1,7,6
2024-12-14 19:00:43.484000,55,1,7,6
2024-12-14 19:15:40.750000,55,1,6,7
2024-12-14 19:30:38.598000,55,1,6,7
2024-12-14 19:45:41.016000,55,1,4,9
2024-12-14 20:00:39.093000,55,1,5,8
2024-12-14 20:15:40.867000,55,1,4,9
2024-12-14 20:30:40.660000,55,1,4,9
2024-12-14 20:45:40.396000,55,1,4,9
2024-12-14 21:00:39.553000,55,1,5,8
2024-12-14 21:15:38.471000,55,1,6,7
2024-12-14 21:30:38.701000,55,1,5,8
2024-12-14 21:45:44.567000,55,1,5,8
2024-12-14 22:00:40.579000,55,1,6,7
2024-12-14 22:15:39.528000,55,1,8,5
2024-12-14 22:30:52.056000,55,1,8,5
2024-12-14 22:45:38.288000,55,1,7,6
2024-12-14 23:00:38.146000,55,1,7,6
2024-12-14 23:15:42.770000,55,1,8,5
2024-12-14 23:30:38.020000,55,1,8,5
2024-12-14 23:45:46.566000,55,1,10,3
2024-12-15 00:00:40.438000,55,1,9,4
2024-12-15 00:15:47.492000,55,1,11,2
2024-12-15 00:30:39.228000,55,1,11,2
2024-12-15 00:45:46.548000,55,1,11,2
2024-12-15 01:00:40.162000,55,1,10,3
2024-12-15 01:15:40.276000,55,1,10,3
2024-12-15 01:30:45.267000,55,1,10,3
2024-12-15 01:45:39.440000,55,1,10,3
2024-12-15 02:00:40.757000,55,1,9,4
2024-12-15 02:15:38.437000,55,1,9,4
2024-12-15 02:30:39.933000,55,1,10,3
2024-12-15 02:45:41.587000,55,1,11,2
2024-12-15 03:00:40.226000,55,1,11,2
2024-12-15 03:15:39.827000,55,1,11,2
2024-12-15 03:30:43.293000,55,1,11,2
2024-12-15 03:45:40.647000,55,1,11,2
2024-12-15 04:00:38.553000,55,1,11,2
2024-12-15 04:15:49.399000,55,1,11,2
2024-12-15 04:30:41.491000,55,1,11,2
2024-12-15 04:45:38.119000,55,1,11,2
2024-12-15 05:00:38.434000,55,1,12,1
2024-12-15 05:15:39.372000,55,1,13,0
2024-12-15 05:30:44.183000,55,1,13,0
2024-12-15 05:45:40.495000,55,1,13,0
2024-12-15 06:00:40.726000,55,1,13,0
2024-12-15 06:15:44.165000,55,1,13,0
2024-12-15 06:30:40.683000,55,1,13,0
2024-12-15 06:45:38.494000,55,1,13,0
2024-12-15 07:00:38.216000,55,1,13,0
2024-12-15 07:15:44.335000,55,1,13,0
2024-12-15 07:30:40.619000,55,1,13,0
2024-12-15 07:45:40.873000,55,1,13,0
2024-12-15 08:00:39.710000,55,1,13,0
2024-12-15 08:15:39.304000,55,1,13,0
2024-12-15 08:30:43.685000,55,1,13,0
2024-12-15 08:45:40.883000,55,1,13,0
2024-12-15 09:00:39.376000,55,1,13,0
2024-12-15 09:15:38.652000,55,1,13,0
2024-12-15 09:30:39.343000,55,1,12,1
2024-12-15 09:45:39.139000,55,1,12,1
2024-12-15 10:00:41.673000,55,1,13,0
2024-12-15 10:15:40.885000,55,1,13,0
2024-12-15 10:30:42.575000,55,1,13,0
2024-12-15 10:45:38.988000,55,1,13,0
2024-12-15 11:00:38.934000,55,1,13,0
2024-12-15 11:15:43.816000,55,1,13,0
2024-12-15 11:30:38.215000,55,1,13,0
2024-12-15 11:45:38.127000,55,1,12,1
2024-12-15 12:00:38.961000,55,1,11,2
2024-12-15 12:15:41.420000,55,1,11,2
2024-12-15 12:30:38.539000,55,1,12,1
2024-12-15 12:45:40.975000,55,1,12,1
2024-12-15 13:00:39.212000,55,1,12,1
2024-12-15 13:15:45.126000,55,1,12,1
2024-12-15 13:30:44.413000,55,1,10,3
2024-12-15 13:45:40.654000,55,1,8,5
2024-12-15 14:00:39.136000,55,1,8,5
2024-12-15 14:15:39.675000,55,1,5,8
2024-12-15 14:30:48.427000,55,1,5,8
2024-12-15 14:45:38.351000,55,1,6,7
2024-12-15 15:00:40.435000,55,1,5,8
2024-12-15 15:15:40.113000,55,1,8,5
2024-12-15 15:30:41.371000,55,1,6,7
2024-12-15 15:45:38.242000,55,1,6,7
2024-12-15 16:00:39.382000,55,1,6,7
2024-12-15 16:15:42.184000,55,1,8,5
2024-12-15 16:30:41.641000,55,1,5,8
2024-12-15 16:45:39.365000,55,1,8,5
2024-12-15 17:00:40.252000,55,1,8,5
2024-12-15 17:15:43.541000,55,1,8,5
2024-12-15 17:30:40.808000,55,1,7,6
2024-12-15 17:45:49.533000,55,1,7,5
2024-12-15 18:00:37.991000,55,1,6,6
2024-12-15 18:15:45.592000,55,1,6,6
2024-12-15 18:30:39.832000,55,1,4,8
2024-12-15 18:45:40.466000,55,1,6,6
2024-12-15 19:00:43.012000,55,1,7,5
2024-12-15 19:15:41.332000,55,1,4,8
2024-12-15 19:30:45.030000,55,1,5,7
2024-12-15 19:45:39.410000,55,1,6,6
2024-12-15 20:00:40.490000,55,1,6,6
2024-12-15 20:15:42.844000,55,1,6,6
2024-12-15 20:30:42.751000,55,1,7,6
2024-12-15 20:45:42.786000,55,1,7,6
2024-12-15 21:00:38.407000,55,1,7,6
2024-12-15 21:15:44.241000,55,1,7,6
2024-12-15 21:30:41.531000,55,1,7,6
2024-12-15 21:45:41.991000,55,1,7,6
2024-12-15 22:00:40.108000,55,1,7,6
2024-12-15 22:15:42.449000,55,1,8,5
2024-12-15 22:30:42.722000,55,1,6,7
2024-12-15 22:45:47.565000,55,1,7,6
2024-12-15 23:00:39.660000,55,1,7,6
2024-12-15 23:15:38.983000,55,1,7,6
2024-12-15 23:30:44.127000,55,1,7,6
2024-12-15 23:45:39.584000,55,1,9,4
2024-12-16 00:00:40.054000,55,1,10,3
2024-12-16 00:15:46.296000,55,1,10,3
2024-12-16 00:30:45.930000,55,1,10,3
2024-12-16 00:45:42.906000,55,1,10,3
2024-12-16 01:00:41.428000,55,1,10,3
2024-12-16 01:15:38.716000,55,1,10,3
2024-12-16 01:30:41.598000,55,1,10,3
2024-12-16 01:45:40.985000,55,1,10,3
2024-12-16 02:00:39.695000,55,1,10,3
2024-12-16 02:15:44.409000,55,1,10,3
2024-12-16 02:30:46.664000,55,1,10,3
2024-12-16 02:45:40.954000,55,1,10,3
2024-12-16 03:00:42.451000,55,1,10,3
2024-12-16 03:15:42.562000,55,1,10,3
2024-12-16 03:30:43.079000,55,1,10,3
2024-12-16 03:45:40.099000,55,1,10,3
2024-12-16 04:00:40.457000,55,1,10,3
2024-12-16 04:15:44.663000,55,1,10,3
2024-12-16 04:30:42.361000,55,1,10,3
2024-12-16 04:45:37.377000,55,1,10,3
2024-12-16 05:00:47.121000,55,1,10,3
2024-12-16 05:15:42.216000,55,1,10,3
2024-12-16 05:30:40.610000,55,1,10,3
2024-12-16 05:45:43.184000,55,1,10,3
2024-12-16 06:00:43.189000,55,1,8,5
2024-12-16 06:15:41.280000,55,1,6,7
2024-12-16 06:30:41.643000,55,1,6,7
2024-12-16 06:45:39.267000,55,1,8,5
2024-12-16 07:00:40.806000,55,1,4,10
2024-12-16 07:15:40.712000,55,1,4,9
2024-12-16 07:30:38.373000,55,1,2,11
2024-12-16 07:45:40.571000,55,1,3,10
2024-12-16 08:00:42.438000,55,1,4,9
2024-12-16 08:15:39.630000,55,1,3,10
2024-12-16 08:30:40.236000,55,1,4,9
2024-12-16 08:45:42.694000,55,1,0,13
2024-12-16 09:00:42.942000,55,1,0,13
2024-12-16 09:15:46.998000,55,1,3,10
2024-12-17 08:45:45.266000,55,1,0,12
2024-12-17 09:00:42.523000,55,1,0,12
2024-12-17 09:15:41.021000,55,1,1,11
2024-12-17 09:30:40.061000,55,1,2,10
2024-12-17 09:45:39.761000,55,1,2,10
2024-12-17 10:00:39.927000,55,1,0,12
2024-12-17 10:15:42.039000,55,1,0,12
2024-12-17 10:30:39.669000,55,1,2,10
2024-12-17 10:45:41.624000,55,1,0,12
2024-12-17 11:00:40.455000,55,1,0,12
2024-12-17 11:15:42.393000,55,1,1,11
2024-12-17 11:30:37.313000,55,1,0,12
2024-12-17 11:45:39.828000,55,1,1,11
2024-12-17 12:00:39.642000,55,1,1,11
2024-12-17 12:15:37.920000,55,1,2,10
2024-12-17 12:30:37.591000,55,1,5,7
2024-12-17 12:45:37.441000,55,1,2,11
2024-12-17 13:00:39.393000,55,1,1,11
2024-12-17 13:15:41.603000,55,1,0,12
2024-12-17 13:30:38.900000,55,1,1,11
2024-12-17 13:45:43.273000,55,1,2,10
2024-12-17 14:00:43.768000,55,1,0,12
2024-12-17 14:15:39.608000,55,1,0,12
2024-12-17 14:30:44.822000,55,1,4,8
2024-12-17 14:45:47.250000,55,1,6,6
2024-12-17 15:00:38.368000,55,1,4,8
2024-12-17 15:15:40.136000,55,1,8,4
2024-12-17 15:30:39.141000,55,1,8,4
2024-12-17 15:45:39.789000,55,1,10,2
2024-12-17 16:00:42.357000,55,1,9,3
2024-12-17 16:15:44.620000,55,1,10,1
2024-12-17 16:30:40.481000,55,1,7,5
2024-12-17 16:45:42.252000,55,1,8,4
2024-12-17 17:00:40.418000,55,1,12,0
2024-12-17 17:15:41.745000,55,1,12,0
2024-12-17 17:30:41.355000,55,1,12,0
2024-12-17 17:45:41.187000,55,1,10,2
2024-12-17 18:00:42.009000,55,1,8,4
2024-12-17 18:15:39.428000,55,1,7,5
2024-12-17 18:30:54.584000,55,1,6,6
2024-12-17 18:45:39.583000,55,1,6,6
2024-12-17 19:00:45.169000,55,1,10,2
2024-12-17 19:15:40.295000,55,1,12,0
2024-12-17 19:30:42.491000,55,1,10,2
2024-12-17 19:45:41.404000,55,1,10,2
2024-12-17 20:00:42.468000,55,1,9,3
2024-12-17 20:15:40.458000,55,1,8,4
2024-12-17 20:30:43.307000,55,1,8,4
2024-12-17 20:45:42.362000,55,1,9,2
2024-12-17 21:00:39.731000,55,1,11,0
2024-12-17 21:15:37.441000,55,1,10,1
2024-12-17 21:30:36.104000,55,1,11,0
2024-12-17 21:45:38.731000,55,1,11,0
2024-12-17 22:00:39.874000,55,1,11,0
2024-12-17 22:15:41.460000,55,1,11,1
2024-12-17 22:30:39.872000,55,1,10,1
2024-12-17 22:45:39.674000,55,1,10,2
2024-12-17 23:00:40.519000,55,1,10,2
2024-12-17 23:15:37.270000,55,1,10,2
2024-12-17 23:30:40.771000,55,1,10,2
2024-12-17 23:45:37.149000,55,1,10,1
2024-12-18 00:00:38.473000,55,1,11,1
2024-12-18 00:15:39.457000,55,1,11,1
2024-12-18 00:30:38.483000,55,1,12,0
2024-12-18 00:45:41.010000,55,1,11,1
2024-12-18 01:00:40.288000,55,1,11,1
2024-12-18 01:15:39.677000,55,1,12,0
2024-12-18 01:30:38.752000,55,1,12,0
2024-12-18 01:45:39.206000,55,1,12,0
2024-12-18 02:00:37.482000,55,1,12,0
2024-12-18 02:16:20.228000,55,1,12,0
2024-12-18 02:30:39.636000,55,1,12,0
2024-12-18 02:45:40.857000,55,1,12,0
2024-12-18 03:00:40.358000,55,1,12,0
2024-12-18 03:15:38.480000,55,1,12,0
2024-12-18 03:30:40.323000,55,1,12,0
2024-12-18 03:45:37.770000,55,1,12,0
2024-12-18 04:00:37.728000,55,1,12,0
2024-12-18 04:15:38.102000,55,1,12,0
2024-12-18 04:30:39.089000,55,1,12,0
2024-12-18 04:45:38.418000,55,1,12,0
2024-12-18 05:00:37.414000,55,1,12,0
2024-12-18 05:15:40.118000,55,1,12,0
2024-12-18 05:30:37.611000,55,1,11,1
2024-12-18 05:45:39.837000,55,1,11,1
2024-12-18 06:00:42.150000,55,1,11,1
2024-12-18 06:15:38.228000,55,1,11,1
2024-12-18 06:30:39.215000,55,1,10,2
2024-12-18 06:45:46.899000,55,1,11,1
2024-12-18 07:00:41.955000,55,1,6,6
2024-12-18 07:15:42.115000,55,1,4,8
2024-12-18 07:30:36.576000,55,1,0,12
2024-12-18 07:45:42.806000,55,1,1,11
2024-12-18 08:00:40.370000,55,1,1,11
2024-12-18 08:15:39.196000,55,1,3,8
2024-12-18 08:30:41.952000,55,1,3,8
2024-12-18 08:45:42.462000,55,1,3,8
2024-12-18 09:00:42.448000,55,1,2,9
2024-12-18 09:15:39.474000,55,1,4,8
2024-12-18 09:30:50.355000,55,1,3,9
2024-12-18 09:45:37.516000,55,1,3,9
2024-12-18 10:00:40.616000,55,1,2,10
2024-12-18 10:15:39.208000,55,1,1,11
2024-12-18 10:30:42.344000,55,1,1,11
2024-12-18 10:45:40.497000,55,1,4,9
2024-12-18 11:00:42.112000,55,1,7,6
2024-12-18 11:15:40.628000,55,1,11,2
2024-12-18 11:30:37.934000,55,1,13,0
2024-12-18 11:45:37.510000,55,1,13,0
2024-12-18 12:00:54.176000,55,1,13,0
2024-12-18 12:15:55.649000,55,1,13,0
2024-12-18 12:30:44.290000,55,1,11,2
2024-12-18 12:45:38.126000,55,1,13,0
2024-12-18 13:00:43.338000,55,1,12,1
2024-12-18 13:15:37.439000,55,1,13,0
2024-12-18 13:30:40.403000,55,1,11,2
2024-12-18 13:45:40.893000,55,1,13,0
2024-12-18 14:00:38.900000,55,1,11,2
2024-12-18 14:15:39.143000,55,1,10,3
2024-12-18 14:30:42.180000,55,1,13,0
2024-12-18 14:45:37.960000,55,1,13,0
2024-12-18 15:00:38.841000,55,1,11,2
2024-12-18 15:15:41.131000,55,1,12,1
2024-12-18 15:30:38.670000,55,1,12,1
2024-12-18 15:45:41.956000,55,1,12,1
2024-12-18 16:00:39.426000,55,1,10,3
2024-12-18 16:15:40.206000,55,1,10,3
2024-12-18 16:30:39.220000,55,1,11,2
2024-12-18 16:45:37.570000,55,1,11,2
2024-12-18 17:00:41.827000,55,1,13,0
2024-12-18 17:15:41.347000,55,1,12,0
2024-12-18 17:30:40.980000,55,1,11,1
2024-12-18 17:45:36.768000,55,1,12,0
2024-12-18 18:00:39.278000,55,1,12,0
2024-12-18 18:15:37.879000,55,1,13,0
2024-12-18 18:30:39.979000,55,1,13,0
2024-12-18 18:45:40.221000,55,1,10,2
2024-12-18 19:00:38.816000,55,1,10,2
2024-12-18 19:15:39.597000,55,1,9,4
2024-12-18 19:30:39.016000,55,1,9,4
2024-12-18 19:45:39.103000,55,1,11,2
2024-12-18 20:00:37.081000,55,1,12,1
2024-12-18 20:15:40.650000,55,1,11,2
2024-12-18 20:30:37.358000,55,1,10,3
2024-12-18 20:45:39.138000,55,1,11,2
2024-12-18 21:00:39.136000,55,1,12,0
2024-12-18 21:15:36.193000,55,1,12,1
2024-12-18 21:30:39.589000,55,1,10,1
2024-12-18 21:45:40.252000,55,1,7,4
2024-12-18 22:00:38.380000,55,1,5,8
2024-12-18 22:15:37.298000,55,1,7,6
2024-12-18 22:30:38.014000,55,1,6,7
2024-12-18 22:45:39.695000,55,1,11,2
2024-12-18 23:00:40.193000,55,1,11,2
2024-12-18 23:15:39.925000,55,1,10,3
2024-12-18 23:30:40.282000,55,1,11,2
2024-12-18 23:45:40.559000,55,1,13,0
2024-12-19 00:00:37.395000,55,1,13,0
2024-12-19 00:15:37.706000,55,1,13,0
2024-12-19 00:30:38.395000,55,1,13,0
2024-12-19 00:45:39.662000,55,1,13,0
2024-12-19 01:00:38.481000,55,1,13,0
2024-12-19 01:15:40.875000,55,1,13,0
2024-12-19 01:30:39.099000,55,1,13,0
2024-12-19 01:45:37.408000,55,1,13,0
2024-12-19 02:00:38.093000,55,1,13,0
2024-12-19 02:15:38.679000,55,1,13,0
2024-12-19 02:30:37.924000,55,1,13,0
2024-12-19 02:45:37.017000,55,1,13,0
2024-12-19 03:00:43.328000,55,1,13,0
2024-12-19 03:15:36.248000,55,1,13,0
2024-12-19 03:30:38.604000,55,1,13,0
2024-12-19 03:45:41.583000,55,1,13,0
2024-12-19 04:00:39.071000,55,1,13,0
2024-12-19 04:15:38.854000,55,1,13,0
2024-12-19 04:30:38.352000,55,1,13,0
2024-12-19 04:45:38.203000,55,1,13,0
2024-12-19 05:00:38.487000,55,1,13,0
2024-12-19 05:15:38.218000,55,1,13,0
2024-12-19 05:30:40.799000,55,1,13,0
2024-12-19 05:45:39.462000,55,1,13,0
2024-12-19 06:00:37.713000,55,1,13,0
2024-12-19 06:15:39.369000,55,1,11,2
2024-12-19 06:30:36.679000,55,1,13,0
2024-12-19 06:45:39.242000,55,1,8,4
2024-12-19 07:00:39.487000,55,1,0,12
2024-12-19 07:15:39.813000,55,1,2,10
2024-12-19 07:30:37.661000,55,1,5,7
2024-12-19 07:45:39.773000,55,1,5,7
2024-12-19 08:00:37.583000,55,1,9,3
2024-12-19 08:15:38.582000,55,1,6,6
2024-12-19 08:30:37.956000,55,1,7,5
2024-12-19 08:45:38.726000,55,1,0,11
2024-12-19 09:00:39.071000,55,1,2,10
2024-12-19 09:15:39.876000,55,1,0,12
2024-12-19 09:30:38.352000,55,1,1,11
2024-12-19 09:45:42.523000,55,1,0,12
2024-12-19 10:00:39.913000,55,1,1,11
2024-12-19 10:15:40.085000,55,1,7,5
2024-12-19 10:30:42.514000,55,1,7,5
2024-12-19 10:45:38.301000,55,1,5,7
2024-12-19 11:00:39.364000,55,1,7,5
2024-12-19 11:15:39.118000,55,1,6,6
2024-12-19 11:30:38.886000,55,1,6,6
2024-12-19 11:45:37.856000,55,1,5,7
2024-12-19 12:00:39.482000,55,1,6,6
2024-12-19 12:15:44.422000,55,1,5,7
2024-12-19 12:30:44.981000,55,1,7,5
2024-12-19 12:45:42.360000,55,1,5,7
2024-12-19 13:00:38.914000,55,1,3,9
2024-12-19 13:15:39.384000,55,1,6,6
2024-12-19 13:30:39.039000,55,1,7,5
2024-12-19 13:45:40.792000,55,1,7,5
2024-12-19 14:00:38.126000,55,1,6,6
2024-12-19 14:15:43.149000,55,1,5,7
2024-12-19 14:30:40.177000,55,1,7,5
2024-12-19 14:45:39.523000,55,1,9,2
2024-12-19 15:00:39.803000,55,1,11,1
2024-12-19 15:15:46.444000,55,1,11,1
2024-12-19 15:30:39.470000,55,1,12,0
2024-12-19 15:45:43.847000,55,1,12,0
2024-12-19 16:00:39.160000,55,1,12,0
2024-12-19 16:15:40.568000,55,1,12,0
2024-12-19 16:30:39.921000,55,1,12,0
2024-12-19 16:45:37.863000,55,1,12,0
2024-12-19 17:00:44.308000,55,1,12,0
2024-12-19 17:15:37.715000,55,1,12,0
2024-12-19 17:30:37.622000,55,1,11,1
2024-12-19 17:45:37.164000,55,1,12,0
2024-12-19 18:00:37.326000,55,1,8,4
2024-12-19 18:15:36.428000,55,1,7,5
2024-12-19 18:30:38.597000,55,1,9,3
2024-12-19 18:45:40.804000,55,1,12,0
2024-12-19 19:00:37.890000,55,1,12,0
2024-12-19 19:15:38.922000,55,1,10,2
2024-12-19 19:30:40.636000,55,1,9,3
2024-12-19 19:45:39.220000,55,1,9,2
2024-12-19 20:00:36.784000,55,1,8,4
2024-12-19 20:15:40.651000,55,1,10,2
2024-12-19 20:30:38.423000,55,1,10,2
2024-12-19 20:45:37.139000,55,1,7,5
2024-12-19 21:00:39.390000,55,1,7,5
2024-12-19 21:15:36.862000,55,1,7,5
2024-12-19 21:30:36.740000,55,1,7,5
2024-12-19 21:45:38.318000,55,1,7,5
2024-12-19 22:00:37.847000,55,1,9,3
2024-12-19 22:15:40.601000,55,1,10,2
2024-12-19 22:30:38.697000,55,1,9,3
2024-12-19 22:45:39.374000,55,1,9,3
2024-12-19 23:00:38.758000,55,1,10,2
2024-12-19 23:15:38.786000,55,1,9,2
2024-12-19 23:30:38.097000,55,1,8,4
2024-12-19 23:45:40.824000,55,1,10,2
2024-12-20 00:00:38.839000,55,1,10,2
2024-12-20 00:15:35.785000,55,1,11,1
2024-12-20 00:30:37.951000,55,1,11,1
2024-12-20 00:45:40.266000,55,1,11,1
2024-12-20 01:00:39.656000,55,1,11,1
2024-12-20 01:15:40.803000,55,1,12,0
2024-12-20 01:30:40.654000,55,1,11,1
2024-12-20 01:45:37.232000,55,1,11,1
2024-12-20 02:00:36.947000,55,1,12,0
2024-12-20 02:15:35.849000,55,1,12,0
2024-12-20 02:30:39.560000,55,1,12,0
2024-12-20 02:45:38.762000,55,1,12,0
2024-12-20 03:00:37.645000,55,1,12,0
2024-12-20 03:15:37.998000,55,1,12,0
2024-12-20 03:30:40.280000,55,1,12,0
2024-12-20 03:45:36.890000,55,1,12,0
2024-12-20 04:00:38.125000,55,1,12,0
2024-12-20 04:15:37.529000,55,1,12,0
2024-12-20 04:30:37.043000,55,1,12,0
2024-12-20 04:45:40.377000,55,1,12,0
2024-12-20 05:00:38.571000,55,1,12,0
2024-12-20 05:15:41.008000,55,1,12,0
2024-12-20 05:30:38.516000,55,1,12,0
2024-12-20 05:45:37.698000,55,1,12,0
2024-12-20 06:00:38.772000,55,1,11,1
2024-12-20 06:15:37.242000,55,1,11,1
2024-12-20 06:30:38.761000,55,1,10,2
2024-12-20 06:45:38.269000,55,1,8,4
2024-12-20 07:00:39.650000,55,1,0,12
2024-12-20 07:15:41.419000,55,1,1,11
2024-12-20 07:30:38.991000,55,1,4,8
2024-12-20 07:45:41.666000,55,1,3,10
2024-12-20 08:00:38.284000,55,1,0,12
2024-12-20 08:15:39.995000,55,1,2,10
2024-12-20 08:30:39.295000,55,1,3,9
2024-12-20 08:45:41.073000,55,1,4,8
2024-12-20 09:00:38.719000,55,1,2,10
2024-12-20 09:15:43.830000,55,1,7,5
2024-12-20 09:30:40.277000,55,1,6,6
2024-12-20 09:45:39.817000,55,1,3,9
2024-12-20 10:00:38.867000,55,1,2,10
2024-12-20 10:15:40.662000,55,1,5,7
2024-12-20 10:30:38.191000,55,1,3,9
2024-12-20 10:45:43.754000,55,1,1,11
2024-12-20 11:00:40.595000,55,1,2,10
2024-12-20 11:15:38.818000,55,1,4,8
2024-12-20 11:30:40.582000,55,1,4,8
2024-12-20 11:45:40.756000,55,1,8,4
2024-12-20 12:00:35.390000,55,1,6,6
2024-12-20 12:15:43.387000,55,1,2,10
2024-12-20 12:30:39.677000,55,1,1,11
2024-12-20 12:45:39.847000,55,1,4,8
2024-12-20 13:00:38.991000,55,1,5,7
2024-12-20 13:15:36.611000,55,1,11,1
2024-12-20 13:30:37.638000,55,1,9,3
2024-12-20 13:45:40.009000,55,1,7,5
2024-12-20 14:00:38.059000,55,1,4,8
2024-12-20 14:15:37.808000,55,1,3,9
2024-12-20 14:30:37.960000,55,1,4,8
2024-12-20 14:45:40.243000,55,1,2,10
2024-12-20 15:00:39.397000,55,1,12,0
2024-12-20 15:15:40.357000,55,1,11,1
2024-12-20 15:30:38.406000,55,1,11,1
2024-12-20 15:45:39.807000,55,1,9,3
2024-12-20 16:00:39.778000,55,1,11,1
2024-12-20 16:15:41.014000,55,1,11,1
2024-12-20 16:30:37.550000,55,1,12,0
2024-12-20 16:45:40.682000,55,1,10,2
2024-12-20 17:00:38.940000,55,1,12,0
2024-12-20 17:15:38.255000,55,1,7,5
2024-12-20 17:30:40.251000,55,1,6,6
2024-12-20 17:45:37.779000,55,1,6,6
2024-12-20 18:00:43.334000,55,1,5,7
2024-12-20 18:15:39.723000,55,1,4,8
2024-12-20 18:30:40.549000,55,1,1,10
2024-12-20 18:45:41.695000,55,1,2,9
2024-12-20 19:00:38.462000,55,1,5,6
2024-12-20 19:15:42.242000,55,1,4,6
2024-12-20 19:30:42.421000,55,1,6,5
2024-12-20 19:45:41.117000,55,1,5,7
2024-12-20 20:00:40.761000,55,1,9,3
2024-12-20 20:15:37.305000,55,1,9,3
2024-12-20 20:30:38.488000,55,1,11,1
2024-12-20 20:45:37.412000,55,1,11,1
2024-12-20 21:00:40.434000,55,1,10,2
2024-12-20 21:15:38.282000,55,1,8,4
2024-12-20 21:30:40.232000,55,1,8,4
2024-12-20 21:45:38.234000,55,1,8,4
2024-12-20 22:00:37.902000,55,1,9,3
2024-12-20 22:15:37.070000,55,1,9,3
2024-12-20 22:30:39.003000,55,1,4,8
2024-12-20 22:45:39.109000,55,1,6,6
2024-12-20 23:00:37.691000,55,1,6,6
2024-12-20 23:15:37.889000,55,1,6,6
2024-12-20 23:30:40.335000,55,1,4,8
2024-12-20 23:45:37.636000,55,1,3,9
2024-12-21 00:00:38.758000,55,1,3,9
2024-12-21 00:15:36.169000,55,1,4,8
2024-12-21 00:30:40.085000,55,1,4,8
2024-12-21 00:45:38.037000,55,1,5,7
2024-12-21 01:00:39.670000,55,1,7,5
2024-12-21 01:15:37.136000,55,1,9,3
2024-12-21 01:30:38.223000,55,1,8,4
2024-12-21 01:45:37.992000,55,1,8,4
2024-12-21 02:00:37.218000,55,1,8,4
2024-12-21 02:15:39.590000,55,1,7,5
2024-12-21 02:30:40.143000,55,1,7,5
2024-12-21 02:45:38.019000,55,1,7,5
2024-12-21 03:00:40.417000,55,1,7,5
2024-12-21 03:15:40.040000,55,1,7,5
2024-12-21 03:30:38.315000,55,1,9,3
2024-12-21 03:45:39.132000,55,1,9,3
2024-12-21 04:00:40.001000,55,1,9,3
2024-12-21 04:15:39.966000,55,1,9,3
2024-12-21 04:30:38.237000,55,1,9,3
2024-12-21 04:45:41.394000,55,1,9,3
2024-12-21 05:00:36.173000,55,1,9,3
2024-12-21 05:15:45.529000,55,1,9,3
2024-12-21 05:30:37.823000,55,1,9,3
2024-12-21 05:45:39.366000,55,1,9,3
2024-12-21 06:00:35.966000,55,1,9,3
2024-12-21 06:15:39.994000,55,1,9,3
2024-12-21 06:30:42.400000,55,1,9,3
2024-12-21 06:45:38.692000,55,1,9,3
2024-12-21 07:00:35.309000,55,1,9,3
2024-12-21 07:15:46.590000,55,1,9,3
2024-12-21 07:30:38.604000,55,1,9,3
2024-12-21 07:45:42.482000,55,1,9,3
2024-12-21 08:00:39.638000,55,1,9,3
2024-12-21 08:15:43.100000,55,1,9,3
2024-12-21 08:30:42.907000,55,1,8,4
2024-12-21 08:45:38.183000,55,1,8,4
2024-12-21 09:00:38.375000,55,1,9,3
2024-12-21 09:15:41.791000,55,1,9,3
2024-12-21 09:30:42.401000,55,1,8,4
2024-12-21 09:45:36.527000,55,1,7,5
2024-12-21 10:00:40.087000,55,1,7,5
2024-12-21 10:15:39.677000,55,1,8,4
2024-12-21 10:30:41.317000,55,1,8,4
2024-12-21 10:45:38.604000,55,1,9,3
2024-12-21 11:00:36.930000,55,1,10,2
2024-12-21 11:15:38.861000,55,1,10,2
2024-12-21 11:30:39.459000,55,1,11,1
2024-12-21 11:45:42.849000,55,1,11,1
2024-12-21 12:00:38.082000,55,1,9,3
2024-12-21 12:15:38.967000,55,1,10,1
2024-12-21 12:30:43.079000,55,1,11,1
2024-12-21 12:45:37.728000,55,1,12,0
2024-12-21 13:00:40.491000,55,1,11,1
2024-12-21 13:15:44.545000,55,1,12,0
2024-12-21 13:30:42.195000,55,1,11,1
2024-12-21 13:45:38.446000,55,1,11,1
2024-12-21 14:00:38.067000,55,1,9,3
2024-12-21 14:15:40.043000,55,1,6,6
2024-12-21 14:30:44.733000,55,1,7,5
2024-12-21 14:45:40.809000,55,1,6,6
2024-12-21 15:00:39.944000,55,1,7,5
2024-12-21 15:15:38.099000,55,1,7,5
2024-12-21 15:30:37.586000,55,1,7,5
2024-12-21 15:45:38.961000,55,1,7,5
2024-12-21 16:00:41.413000,55,1,7,5
2024-12-21 16:15:59.879000,55,1,6,6
2024-12-21 16:30:40.658000,55,1,5,7
2024-12-21 16:45:41.976000,55,1,5,7
2024-12-21 17:00:39.254000,55,1,7,5
2024-12-21 17:15:36.933000,55,1,8,4
2024-12-21 17:30:44.447000,55,1,8,4
2024-12-21 17:45:38.817000,55,1,8,4
2024-12-21 18:00:36.682000,55,1,8,4
2024-12-21 18:15:40.165000,55,1,8,4
2024-12-21 18:30:43.402000,55,1,8,4
2024-12-21 18:45:39.537000,55,1,9,3
2024-12-21 19:00:37.939000,55,1,10,2
2024-12-21 19:15:43.291000,55,1,10,2
2024-12-21 19:30:39.650000,55,1,8,4
2024-12-21 19:45:41.898000,55,1,9,3
2024-12-21 20:00:38.258000,55,1,10,2
2024-12-21 20:15:39.647000,55,1,10,2
2024-12-21 20:30:37.808000,55,1,11,1
2024-12-21 20:45:36.672000,55,1,11,1
2024-12-21 21:00:36.437000,55,1,11,1
2024-12-21 21:15:38.041000,55,1,10,2
2024-12-21 21:30:40.706000,55,1,9,3
2024-12-21 21:45:39.053000,55,1,10,2
2024-12-21 22:00:39.244000,55,1,8,4
2024-12-21 22:15:47.060000,55,1,8,4
2024-12-21 22:30:40.937000,55,1,8,4
2024-12-21 22:45:39.601000,55,1,7,5
2024-12-21 23:00:39.205000,55,1,5,7
2024-12-21 23:15:39.136000,55,1,5,7
2024-12-21 23:30:42.445000,55,1,6,6
2024-12-21 23:45:40.542000,55,1,7,5
2024-12-22 00:00:37.001000,55,1,8,4
2024-12-22 00:15:50.355000,55,1,7,5
2024-12-22 00:30:41.962000,55,1,7,5
2024-12-22 00:45:43.172000,55,1,6,6
2024-12-22 01:00:41.242000,55,1,8,4
2024-12-22 01:15:45.389000,55,1,9,3
2024-12-22 01:30:45.712000,55,1,8,4
2024-12-22 01:45:37.548000,55,1,8,4
2024-12-22 02:00:41.367000,55,1,8,4
2024-12-22 02:15:43.453000,55,1,10,2
2024-12-22 02:30:50.258000,55,1,10,2
2024-12-22 02:45:39.868000,55,1,10,2
2024-12-22 03:00:40.173000,55,1,9,3
2024-12-22 03:15:40.400000,55,1,8,4
2024-12-22 03:30:39.837000,55,1,9,3
2024-12-22 03:45:46.716000,55,1,9,3
2024-12-22 04:00:38.254000,55,1,9,3
2024-12-22 04:15:39.530000,55,1,9,3
2024-12-22 04:30:39.184000,55,1,9,3
2024-12-22 04:45:42.281000,55,1,9,3
2024-12-22 05:00:38.823000,55,1,8,4
2024-12-22 05:15:41.462000,55,1,8,4
2024-12-22 05:30:43.979000,55,1,9,3
2024-12-22 05:45:41.934000,55,1,9,3
2024-12-22 06:00:37.128000,55,1,9,3
2024-12-22 06:15:43.758000,55,1,8,4
2024-12-22 06:30:38.472000,55,1,8,4
2024-12-22 06:45:43.512000,55,1,8,4
2024-12-22 07:00:38.212000,55,1,9,3
2024-12-22 07:15:42.237000,55,1,10,2
2024-12-22 07:30:37.580000,55,1,10,2
2024-12-22 07:45:40.068000,55,1,10,2
2024-12-22 08:00:37.756000,55,1,10,2
2024-12-22 08:15:39.550000,55,1,9,3
2024-12-22 08:30:38.300000,55,1,9,3
2024-12-22 08:45:36.716000,55,1,9,3
2024-12-22 09:00:42.797000,55,1,9,3
2024-12-22 09:15:41.113000,55,1,9,3
2024-12-22 09:30:40.737000,55,1,9,3
2024-12-22 09:45:40.292000,55,1,7,5
2024-12-22 10:00:37.486000,55,1,7,5
2024-12-22 10:15:46.647000,55,1,7,5
2024-12-22 10:30:42.383000,55,1,7,5
2024-12-22 10:45:40.365000,55,1,7,5
2024-12-22 11:00:39.009000,55,1,7,5
2024-12-22 11:16:03.071000,55,1,7,5
2024-12-22 11:30:36.886000,55,1,6,6
2024-12-22 11:45:41.794000,55,1,5,7
2024-12-22 12:00:40.899000,55,1,4,8
2024-12-22 12:15:51.023000,55,1,5,7
2024-12-22 12:30:38.629000,55,1,6,6
2024-12-22 12:45:38.740000,55,1,6,6
2024-12-22 13:00:40.717000,55,1,7,5
2024-12-22 13:15:43.445000,55,1,7,5
2024-12-22 13:30:38.669000,55,1,8,4
2024-12-22 13:45:40.153000,55,1,10,2
2024-12-22 14:00:37.895000,55,1,10,2
2024-12-22 14:15:38.312000,55,1,8,4
2024-12-22 14:30:37.603000,55,1,9,3
2024-12-22 14:45:39.392000,55,1,10,1
2024-12-22 15:00:36.952000,55,1,11,1
2024-12-22 15:15:36.409000,55,1,11,1
2024-12-22 15:30:38.450000,55,1,10,2
2024-12-22 15:45:40.460000,55,1,10,2
2024-12-22 16:00:37.205000,55,1,11,1
2024-12-22 16:15:40.515000,55,1,12,0
2024-12-22 16:30:39.670000,55,1,11,1
2024-12-22 16:45:42.951000,55,1,11,1
2024-12-22 17:00:38.149000,55,1,12,0
2024-12-22 17:15:44.125000,55,1,12,0
2024-12-22 17:30:41.641000,55,1,11,1
2024-12-22 17:45:39.855000,55,1,11,1
2024-12-22 18:00:38.099000,55,1,11,1
2024-12-22 18:15:41.269000,55,1,11,1
2024-12-22 18:30:40.181000,55,1,9,3
2024-12-22 18:45:41.287000,55,1,10,2
2024-12-22 19:00:37.518000,55,1,11,1
2024-12-22 19:15:38.212000,55,1,11,1
2024-12-22 19:30:41.400000,55,1,11,1
2024-12-22 19:45:46.155000,55,1,12,0
2024-12-22 20:00:35.952000,55,1,12,0
2024-12-22 20:15:40.340000,55,1,12,0
2024-12-22 20:30:42.971000,55,1,12,0
2024-12-22 20:45:38.215000,55,1,12,0
2024-12-22 21:01:04.646000,55,1,12,0
2024-12-22 21:15:40.187000,55,1,12,0
2024-12-22 21:30:40.667000,55,1,12,0
2024-12-22 21:45:37.536000,55,1,12,0
2024-12-22 22:00:42.214000,55,1,12,0
2024-12-22 22:15:43.323000,55,1,12,0
2024-12-22 22:30:40.514000,55,1,12,0
2024-12-22 22:45:48.191000,55,1,12,0
2024-12-22 23:00:38.169000,55,1,12,0
2024-12-22 23:15:38.205000,55,1,10,2
2024-12-22 23:30:41.911000,55,1,11,1
2024-12-22 23:45:42.464000,55,1,11,1
2024-12-23 00:00:42.133000,55,1,11,1
2024-12-23 00:15:42.914000,55,1,11,1
2024-12-23 00:30:47.508000,55,1,11,1
2024-12-23 00:45:39.787000,55,1,11,1
2024-12-23 01:00:41.357000,55,1,11,1
2024-12-23 01:15:39.758000,55,1,11,1
2024-12-23 01:30:41.572000,55,1,11,1
2024-12-23 01:45:43.908000,55,1,11,1
2024-12-23 02:00:41.185000,55,1,11,1
2024-12-23 02:15:40.725000,55,1,11,1
2024-12-23 02:30:38.234000,55,1,11,1
2024-12-23 02:45:40.599000,55,1,11,1
2024-12-23 03:00:38.644000,55,1,11,1
2024-12-23 03:15:40.311000,55,1,11,1
2024-12-23 03:30:42.874000,55,1,11,1
2024-12-23 03:45:37.591000,55,1,11,1
2024-12-23 04:00:39.973000,55,1,11,1
2024-12-23 04:15:41.135000,55,1,11,1
2024-12-23 04:30:38.615000,55,1,11,1
2024-12-23 04:45:41.064000,55,1,11,1
2024-12-23 05:00:38.343000,55,1,11,1
2024-12-23 05:15:41.138000,55,1,11,1
2024-12-23 05:30:43.674000,55,1,11,1
2024-12-23 05:45:41.886000,55,1,11,1
2024-12-23 06:00:40.160000,55,1,11,1
2024-12-23 06:15:39.607000,55,1,10,2
2024-12-23 06:30:43.892000,55,1,7,5
2024-12-23 06:45:39.515000,55,1,8,4
2024-12-23 07:00:38.198000,55,1,9,3
2024-12-23 07:15:43.382000,55,1,10,2
2024-12-23 07:30:39.331000,55,1,10,2
2024-12-23 07:45:41.528000,55,1,10,2
2024-12-23 08:00:41.447000,55,1,10,2
2024-12-23 08:15:46.623000,55,1,9,3
2024-12-23 08:30:43.574000,55,1,9,3
2024-12-23 08:45:42.276000,55,1,8,4
2024-12-23 09:00:37.695000,55,1,8,4
2024-12-23 09:15:39.713000,55,1,9,3
2024-12-23 09:30:37.523000,55,1,9,3
2024-12-23 09:45:44.720000,55,1,10,2
2024-12-23 10:00:38.080000,55,1,10,2
2024-12-23 10:15:42.846000,55,1,10,2
2024-12-23 10:30:39.420000,55,1,11,1
2024-12-23 10:45:41.602000,55,1,9,3
2024-12-23 11:00:39.331000,55,1,9,3
2024-12-23 11:15:38.327000,55,1,9,3
2024-12-23 11:30:41.628000,55,1,9,3
2024-12-23 11:45:37.525000,55,1,9,3
2024-12-23 12:00:43.237000,55,1,9,3
2024-12-23 12:15:39.032000,55,1,9,3
2024-12-23 12:30:39.215000,55,1,11,1
2024-12-23 12:45:37.960000,55,1,11,1
2024-12-23 13:00:38.754000,55,1,11,1
2024-12-23 13:15:41.327000,55,1,11,1
2024-12-23 13:30:38.652000,55,1,11,1
2024-12-23 13:45:39.032000,55,1,10,2
2024-12-23 14:00:39.651000,55,1,10,2
2024-12-23 14:15:39.567000,55,1,7,5
2024-12-23 14:30:39.003000,55,1,9,3
2024-12-23 14:45:39.639000,55,1,10,0
2024-12-23 15:00:40.471000,55,1,12,0
2024-12-23 15:15:38.536000,55,1,12,0
2024-12-23 15:30:40.680000,55,1,12,0
2024-12-23 15:45:41.695000,55,1,10,2
2024-12-23 16:00:38.186000,55,1,11,1
2024-12-23 16:15:39.686000,55,1,12,0
2024-12-23 16:30:41.681000,55,1,12,0
2024-12-23 16:45:40.986000,55,1,9,3
2024-12-23 17:00:36.955000,55,1,12,0
2024-12-23 17:15:38.844000,55,1,12,0
2024-12-23 17:30:38.540000,55,1,12,0
2024-12-23 17:45:37.768000,55,1,12,0
2024-12-23 18:00:40.827000,55,1,11,1
2024-12-23 18:15:38.567000,55,1,10,2
2024-12-23 18:30:39.029000,55,1,10,2
2024-12-23 18:45:39.213000,55,1,10,2
2024-12-23 19:00:39.068000,55,1,10,2
2024-12-23 19:15:40.199000,55,1,8,4
2024-12-23 19:30:39.539000,55,1,7,5
2024-12-23 19:45:42.329000,55,1,7,5
2024-12-23 20:00:40.778000,55,1,5,7
2024-12-23 20:15:39.850000,55,1,6,6
2024-12-23 20:30:43.269000,55,1,6,6
2024-12-23 20:45:39.353000,55,1,7,5
2024-12-23 21:00:41.973000,55,1,7,5
2024-12-23 21:15:42.514000,55,1,7,5
2024-12-23 21:30:38.741000,55,1,7,5
2024-12-23 21:45:39.350000,55,1,7,5
2024-12-23 22:00:42.579000,55,1,7,5
2024-12-23 22:15:38.234000,55,1,7,5
2024-12-23 22:30:43.072000,55,1,7,5
2024-12-23 22:45:40.404000,55,1,7,5
2024-12-23 23:00:37.337000,55,1,7,5
2024-12-23 23:15:39.627000,55,1,8,4
2024-12-23 23:30:38.069000,55,1,7,5
2024-12-23 23:45:37.756000,55,1,7,5
2024-12-24 00:00:37.872000,55,1,7,5
2024-12-24 00:15:40.890000,55,1,7,5
2024-12-24 00:30:37.811000,55,1,7,5
2024-12-24 00:45:41.276000,55,1,7,5
2024-12-24 01:00:40.981000,55,1,7,5
2024-12-24 01:15:40.634000,55,1,8,4
2024-12-24 01:30:40.012000,55,1,8,4
2024-12-24 01:45:43.524000,55,1,8,4
2024-12-24 02:00:41.447000,55,1,6,6
2024-12-24 02:15:40.740000,55,1,6,6
2024-12-24 02:30:37.997000,55,1,6,6
2024-12-24 02:45:40.113000,55,1,6,6
2024-12-24 03:00:41.314000,55,1,6,6
2024-12-24 03:15:41.970000,55,1,6,6
2024-12-24 03:30:38.538000,55,1,6,6
2024-12-24 03:45:39.371000,55,1,6,6
2024-12-24 04:00:37.200000,55,1,6,6
2024-12-24 04:15:39.821000,55,1,6,6
2024-12-24 04:30:38.025000,55,1,6,6
2024-12-24 04:45:45.242000,55,1,6,6
2024-12-24 05:00:39.137000,55,1,6,6
2024-12-24 05:15:46.421000,55,1,6,6
2024-12-24 05:30:44.791000,55,1,6,6
2024-12-24 05:45:42.801000,55,1,6,6
2024-12-24 06:00:38.925000,55,1,6,6
2024-12-24 06:15:41.725000,55,1,5,7
2024-12-24 06:30:44.777000,55,1,5,7
2024-12-24 06:45:39.069000,55,1,5,7
2024-12-24 07:00:38.629000,55,1,5,7
2024-12-24 07:15:40.631000,55,1,4,7
2024-12-24 07:30:36.379000,55,1,5,7
2024-12-24 07:45:40.157000,55,1,5,7
2024-12-24 08:00:38.899000,55,1,5,7
2024-12-24 08:15:40.952000,55,1,5,7
2024-12-24 08:30:43.092000,55,1,6,6
2024-12-24 08:45:41.458000,55,1,6,6
2024-12-24 09:00:39.645000,55,1,7,5
2024-12-24 09:15:40.993000,55,1,7,5
2024-12-24 09:30:42.354000,55,1,7,5
2024-12-24 09:45:38.104000,55,1,7,5
2024-12-24 10:00:41.419000,55,1,7,5
2024-12-24 10:15:45.027000,55,1,6,6
2024-12-24 10:30:37.627000,55,1,6,6
2024-12-24 10:45:43.041000,55,1,6,6
2024-12-24 11:00:39.951000,55,1,7,5
2024-12-24 11:15:40.555000,55,1,7,5
2024-12-24 11:30:39.693000,55,1,7,5
2024-12-24 11:45:40.442000,55,1,7,5
2024-12-24 12:00:39.319000,55,1,7,5
2024-12-24 12:15:40.440000,55,1,9,3
2024-12-24 12:30:40.333000,55,1,10,2
2024-12-24 12:45:41.397000,55,1,10,2
2024-12-24 13:00:38.178000,55,1,10,2
2024-12-24 13:15:38.349000,55,1,10,2
2024-12-24 13:30:39.802000,55,1,10,2
2024-12-24 13:45:44.055000,55,1,10,2
2024-12-24 14:00:39.739000,55,1,10,2
2024-12-24 14:15:38.869000,55,1,11,1
2024-12-24 14:30:41.995000,55,1,10,2
2024-12-24 14:45:37.773000,55,1,10,2
2024-12-24 15:00:39.438000,55,1,9,3
2024-12-24 15:15:42.354000,55,1,10,2
2024-12-24 15:30:38.951000,55,1,12,0
2024-12-24 15:45:40.743000,55,1,12,0
2024-12-24 16:01:06.467000,55,1,12,0
2024-12-24 16:15:42.054000,55,1,11,1
2024-12-24 16:30:39.385000,55,1,11,1
2024-12-24 16:45:41.105000,55,1,11,1
2024-12-24 17:00:36.968000,55,1,12,0
2024-12-24 17:15:39.448000,55,1,12,0
2024-12-24 17:30:38.309000,55,1,11,1
2024-12-24 17:45:39.072000,55,1,12,0
2024-12-24 18:00:38.346000,55,1,12,0
2024-12-24 18:15:38.089000,55,1,11,1
2024-12-24 18:30:39.161000,55,1,11,1
2024-12-24 18:45:40.896000,55,1,12,0
2024-12-24 19:00:37.530000,55,1,12,0
2024-12-24 19:16:02.837000,55,1,12,0
2024-12-24 19:30:40.893000,55,1,12,0
2024-12-24 19:45:40.073000,55,1,12,0
2024-12-24 20:00:40.886000,55,1,12,0
2024-12-24 20:15:39.521000,55,1,12,0
2024-12-24 20:30:39.520000,55,1,12,0
2024-12-24 20:45:38.316000,55,1,12,0
2024-12-24 21:00:41.022000,55,1,12,0
2024-12-24 21:15:39.050000,55,1,8,4
2024-12-24 21:30:39.621000,55,1,11,1
2024-12-24 21:45:38.265000,55,1,11,1
2024-12-24 22:00:39.388000,55,1,11,1
2024-12-24 22:15:38.294000,55,1,11,1
2024-12-24 22:30:43.567000,55,1,11,1
2024-12-24 22:45:38.472000,55,1,10,2
2024-12-24 23:00:41.010000,55,1,10,2
2024-12-24 23:15:36.896000,55,1,10,2
2024-12-24 23:30:42.622000,55,1,10,2
2024-12-24 23:45:37.601000,55,1,10,2
2024-12-25 00:00:37.849000,55,1,10,2
2024-12-25 00:15:40.122000,55,1,10,2
2024-12-25 00:30:39.369000,55,1,10,2
2024-12-25 00:45:43.602000,55,1,10,2
2024-12-25 01:00:37.261000,55,1,10,2
2024-12-25 01:15:38.220000,55,1,10,2
2024-12-25 01:30:40.992000,55,1,10,2
2024-12-25 01:45:42.299000,55,1,10,2
2024-12-25 02:00:38.916000,55,1,10,2
2024-12-25 02:15:37.704000,55,1,10,2
2024-12-25 02:30:39.123000,55,1,10,2
2024-12-25 02:45:41.382000,55,1,10,2
2024-12-25 03:00:38.376000,55,1,10,2
2024-12-25 03:15:40.430000,55,1,10,2
2024-12-25 03:30:39.472000,55,1,10,2
2024-12-25 03:45:39.527000,55,1,10,2
2024-12-25 04:00:41.239000,55,1,10,2
2024-12-25 04:15:39.419000,55,1,10,2
2024-12-25 04:30:40.569000,55,1,10,2
2024-12-25 04:45:40.362000,55,1,10,2
2024-12-25 05:00:41.325000,55,1,10,2
2024-12-25 05:15:42.114000,55,1,10,2
2024-12-25 05:30:41.739000,55,1,10,2
2024-12-25 05:45:39.193000,55,1,10,2
2024-12-25 06:00:37.285000,55,1,10,2
2024-12-25 06:16:04.052000,55,1,9,3
2024-12-25 06:30:43.265000,55,1,9,3
2024-12-25 06:45:40.235000,55,1,10,2
2024-12-25 07:00:41.145000,55,1,10,2
2024-12-25 07:15:45.285000,55,1,10,2
2024-12-25 07:30:41.198000,55,1,10,2
2024-12-25 07:45:43.122000,55,1,10,2
2024-12-25 08:00:42.498000,55,1,10,1
2024-12-25 08:15:43.036000,55,1,10,2
2024-12-25 08:30:44.044000,55,1,10,2
2024-12-25 08:45:40.862000,55,1,10,2
2024-12-25 09:00:38.674000,55,1,10,2
2024-12-25 09:15:38.675000,55,1,11,1
2024-12-25 09:30:40.341000,55,1,11,1
2024-12-25 09:45:38.828000,55,1,11,1
2024-12-25 10:00:41.400000,55,1,11,1
2024-12-25 10:15:39.870000,55,1,11,1
2024-12-25 10:30:45.006000,55,1,11,1
2024-12-25 10:45:38.521000,55,1,11,1
2024-12-25 11:00:38.738000,55,1,11,1
2024-12-25 11:15:37.275000,55,1,11,1
2024-12-25 11:30:39.759000,55,1,11,1
2024-12-25 11:45:41.616000,55,1,11,1
2024-12-25 12:00:40.134000,55,1,10,2
2024-12-25 12:15:42.557000,55,1,10,2
2024-12-25 12:30:39.790000,55,1,12,0
2024-12-25 12:45:39.311000,55,1,12,0
2024-12-25 13:00:38.946000,55,1,12,0
2024-12-25 13:15:38.739000,55,1,12,0
2024-12-25 13:30:38.510000,55,1,12,0
2024-12-25 13:45:39.046000,55,1,12,0
2024-12-25 14:00:39.811000,55,1,11,1
2024-12-25 14:15:41.757000,55,1,8,4
2024-12-25 14:30:38.586000,55,1,10,2
2024-12-25 14:45:38.392000,55,1,10,1
2024-12-25 15:00:37.864000,55,1,11,1
2024-12-25 15:15:37.272000,55,1,11,1
2024-12-25 15:30:39.198000,55,1,11,1
2024-12-25 15:45:40.352000,55,1,11,1
2024-12-25 16:00:43.713000,55,1,11,1
2024-12-25 16:15:43.422000,55,1,11,1
2024-12-25 16:30:41.928000,55,1,10,2
2024-12-25 16:45:41.563000,55,1,10,2
2024-12-25 17:00:40.606000,55,1,11,1
2024-12-25 17:15:39.564000,55,1,11,1
2024-12-25 17:30:42.575000,55,1,11,1
2024-12-25 17:45:40.897000,55,1,10,2
2024-12-25 18:00:38.386000,55,1,10,2
2024-12-25 18:15:38.729000,55,1,10,2
2024-12-25 18:30:40.438000,55,1,9,3
2024-12-25 18:45:40.814000,55,1,10,2
2024-12-25 19:00:41.838000,55,1,10,2
2024-12-25 19:15:38.213000,55,1,10,2
2024-12-25 19:30:43.922000,55,1,10,2
2024-12-25 19:45:39.705000,55,1,10,2
2024-12-25 20:00:38.880000,55,1,9,3
2024-12-25 20:15:37.984000,55,1,9,3
2024-12-25 20:30:37.440000,55,1,9,3
2024-12-25 20:45:40.976000,55,1,9,3
2024-12-25 21:00:39.969000,55,1,10,2
2024-12-25 21:15:38.903000,55,1,10,2
2024-12-25 21:30:39.745000,55,1,10,2
2024-12-25 21:45:41.170000,55,1,10,2
2024-12-25 22:00:41.088000,55,1,11,1
2024-12-25 22:15:39.396000,55,1,11,1
2024-12-25 22:30:41.348000,55,1,11,1
2024-12-25 22:45:40.282000,55,1,11,1
2024-12-25 23:00:39.367000,55,1,11,1
2024-12-25 23:15:38.965000,55,1,11,1
2024-12-25 23:30:42.281000,55,1,11,1
2024-12-25 23:45:38.905000,55,1,11,1
2024-12-26 00:00:41.707000,55,1,11,1
2024-12-26 00:15:42.061000,55,1,11,1
2024-12-26 00:30:42.038000,55,1,11,1
2024-12-26 00:45:41.568000,55,1,11,1
2024-12-26 01:00:43.352000,55,1,11,1
2024-12-26 01:15:38.993000,55,1,11,1
2024-12-26 01:30:43.470000,55,1,11,1
2024-12-26 01:45:40.960000,55,1,11,1
2024-12-26 02:00:39.421000,55,1,11,1
2024-12-26 02:15:39.428000,55,1,11,1
2024-12-26 02:30:43.660000,55,1,11,1
2024-12-26 02:45:40.182000,55,1,11,1
2024-12-26 03:00:44.757000,55,1,11,1
2024-12-26 03:15:49.138000,55,1,11,1
2024-12-26 03:30:41.306000,55,1,11,1
2024-12-26 03:45:41.018000,55,1,11,1
2024-12-26 04:00:38.412000,55,1,11,1
2024-12-26 04:15:41.407000,55,1,11,1
2024-12-26 04:30:44.086000,55,1,11,1
2024-12-26 04:45:39.889000,55,1,11,1
2024-12-26 05:00:40.057000,55,1,11,1
2024-12-26 05:15:43.059000,55,1,11,1
2024-12-26 05:30:42.204000,55,1,11,1
2024-12-26 05:45:42.307000,55,1,11,1
2024-12-26 06:00:42.794000,55,1,11,1
2024-12-26 06:15:40.824000,55,1,10,2
2024-12-26 06:30:38.194000,55,1,9,3
2024-12-26 06:45:38.327000,55,1,11,1
2024-12-26 07:00:43.741000,55,1,12,0
2024-12-26 07:15:40.619000,55,1,12,0
2024-12-26 07:30:46.301000,55,1,12,0
2024-12-26 07:45:41.363000,55,1,12,0
2024-12-26 08:00:40.633000,55,1,12,0
2024-12-26 08:15:41.181000,55,1,7,5
2024-12-26 08:30:43.357000,55,1,7,5
2024-12-26 08:45:39.592000,55,1,8,4
2024-12-26 09:00:40.575000,55,1,8,4
2024-12-26 09:15:45.588000,55,1,8,4
2024-12-26 09:30:41.935000,55,1,8,4
2024-12-26 09:45:39.603000,55,1,8,4
2024-12-26 10:00:41.266000,55,1,8,4
2024-12-26 10:15:41.733000,55,1,8,4
2024-12-26 10:30:42.295000,55,1,8,4
2024-12-26 10:45:40.910000,55,1,8,4
2024-12-26 11:00:46.311000,55,1,10,2
2024-12-26 11:15:40.253000,55,1,10,2
2024-12-26 11:30:44.661000,55,1,9,3
2024-12-26 11:45:42.792000,55,1,9,3
2024-12-26 12:00:39.331000,55,1,8,4
2024-12-26 12:15:38.107000,55,1,7,5
2024-12-26 12:30:38.276000,55,1,8,3
2024-12-26 12:45:46.932000,55,1,8,3
2024-12-26 13:00:41.278000,55,1,8,3
2024-12-26 13:15:39.495000,55,1,8,3
2024-12-26 13:30:47.113000,55,1,8,3
2024-12-26 13:45:42.378000,55,1,7,4
2024-12-26 14:00:40.602000,55,1,7,5
2024-12-26 14:15:44.062000,55,1,5,7
2024-12-26 14:30:39.864000,55,1,5,7
2024-12-26 14:45:40.696000,55,1,8,4
2024-12-26 15:00:39.275000,55,1,9,3
2024-12-26 15:15:38.759000,55,1,9,3
2024-12-26 15:30:41.871000,55,1,9,3
2024-12-26 15:45:38.244000,55,1,8,4
2024-12-26 16:00:38.884000,55,1,9,3
2024-12-26 16:15:49.591000,55,1,8,4
2024-12-26 16:30:40.264000,55,1,8,4
2024-12-26 16:45:40.059000,55,1,8,4
2024-12-26 17:00:39.213000,55,1,9,3
2024-12-26 17:15:39.607000,55,1,9,3
2024-12-26 17:30:38.766000,55,1,9,3
2024-12-26 17:45:40.938000,55,1,9,3
2024-12-26 18:00:39.632000,55,1,10,2
2024-12-26 18:15:39.909000,55,1,8,4
2024-12-26 18:30:39.425000,55,1,9,3
2024-12-26 18:45:38.094000,55,1,12,0
2024-12-26 19:00:39.864000,55,1,12,0
2024-12-26 19:15:41.231000,55,1,12,0
2024-12-26 19:30:40.701000,55,1,11,1
2024-12-26 19:45:41.569000,55,1,11,1
2024-12-26 20:00:39.914000,55,1,11,1
2024-12-26 20:15:39.537000,55,1,12,0
2024-12-26 20:30:42.064000,55,1,12,0
2024-12-26 20:45:42.919000,55,1,12,0
2024-12-26 21:00:41.141000,55,1,12,0
2024-12-26 21:15:38.737000,55,1,12,0
2024-12-26 21:30:40.318000,55,1,11,1
2024-12-26 21:45:38.747000,55,1,11,1
2024-12-26 22:00:41.695000,55,1,11,1
2024-12-26 22:15:42.408000,55,1,11,1
2024-12-26 22:30:39.764000,55,1,12,0
2024-12-26 22:45:40.416000,55,1,12,0
2024-12-26 23:00:42.117000,55,1,12,0
2024-12-26 23:15:47.053000,55,1,12,0
2024-12-26 23:30:40.028000,55,1,12,0
2024-12-26 23:45:39.565000,55,1,12,0
2024-12-27 00:00:39.859000,55,1,12,0
2024-12-27 00:15:39.727000,55,1,12,0
2024-12-27 00:30:38.715000,55,1,12,0
2024-12-27 00:45:42.220000,55,1,12,0
2024-12-27 01:00:39.243000,55,1,12,0
2024-12-27 01:15:39.467000,55,1,12,0
2024-12-27 01:30:45.954000,55,1,12,0
2024-12-27 01:45:45.290000,55,1,12,0
2024-12-27 02:00:40.223000,55,1,12,0
2024-12-27 02:15:44.812000,55,1,12,0
2024-12-27 02:30:42.264000,55,1,12,0
2024-12-27 02:45:41.406000,55,1,12,0
2024-12-27 03:00:40.522000,55,1,12,0
2024-12-27 03:15:46.654000,55,1,12,0
2024-12-27 03:30:40.163000,55,1,12,0
2024-12-27 03:45:38.757000,55,1,12,0
2024-12-27 04:00:42.357000,55,1,12,0
2024-12-27 04:15:43.502000,55,1,12,0
2024-12-27 04:30:44.717000,55,1,12,0
2024-12-27 04:45:42.386000,55,1,12,0
2024-12-27 05:00:41.763000,55,1,10,2
2024-12-27 05:15:42.171000,55,1,10,2
2024-12-27 05:30:38.312000,55,1,10,2
2024-12-27 05:45:40.619000,55,1,10,2
2024-12-27 06:00:38.747000,55,1,10,2
2024-12-27 06:15:44.594000,55,1,9,3
2024-12-27 06:30:50.037000,55,1,6,6
2024-12-27 06:45:38.505000,55,1,8,4
2024-12-27 07:00:38.988000,55,1,10,4
2024-12-27 07:15:45.571000,55,1,11,3
2024-12-27 07:30:41.112000,55,1,11,3
2024-12-27 07:45:40.098000,55,1,11,3
2024-12-27 08:00:43.400000,55,1,11,3
2024-12-27 08:15:38.570000,55,1,9,5
2024-12-27 08:30:40.688000,55,1,10,4
2024-12-27 08:45:43.737000,55,1,10,4
2024-12-27 09:00:40.999000,55,1,10,4
2024-12-27 09:15:39.654000,55,1,10,4
2024-12-27 09:30:39.357000,55,1,10,4
2024-12-27 09:45:42.923000,55,1,10,4
2024-12-27 10:00:39.215000,55,1,10,4
2024-12-27 10:15:45.126000,55,1,10,4
2024-12-27 10:30:40.366000,55,1,11,3
2024-12-27 10:45:41.598000,55,1,10,4
2024-12-27 11:00:40.817000,55,1,12,2
2024-12-27 11:15:37.999000,55,1,11,3
2024-12-27 11:30:38.651000,55,1,10,4
2024-12-27 11:45:39.743000,55,1,8,6
2024-12-27 12:00:41.308000,55,1,7,7
2024-12-27 12:15:46.299000,55,1,7,7
2024-12-27 12:30:42.523000,55,1,11,3
2024-12-27 12:45:39.732000,55,1,11,3
2024-12-27 13:00:39.834000,55,1,12,2
2024-12-27 13:15:40.581000,55,1,12,2
2024-12-27 13:30:40.875000,55,1,12,2
2024-12-27 13:45:41.174000,55,1,12,2
2024-12-27 14:00:42.125000,55,1,10,4
2024-12-27 14:15:40,55,1,11,3
2024-12-27 14:30:38.361000,55,1,8,6
2024-12-27 14:45:40.027000,55,1,10,3
2024-12-27 15:00:37.750000,55,1,10,3
2024-12-27 15:15:39.893000,55,1,9,4
2024-12-27 15:30:41.703000,55,1,4,9
2024-12-27 15:45:38.219000,55,1,4,9
2024-12-27 16:00:45.362000,55,1,4,9
2024-12-27 16:15:41.011000,55,1,4,9
2024-12-27 16:30:41.485000,55,1,2,11
2024-12-27 16:45:37.764000,55,1,3,10
2024-12-27 17:00:38.732000,55,1,5,8
2024-12-27 17:15:38.944000,55,1,8,5
2024-12-27 17:30:41.903000,55,1,11,2
2024-12-27 17:45:42.317000,55,1,10,3
2024-12-27 18:00:39.252000,55,1,11,2
2024-12-27 18:15:45.995000,55,1,11,2
2024-12-27 18:30:41.389000,55,1,12,1
2024-12-27 18:45:54.274000,55,1,13,0
2024-12-27 19:00:38.598000,55,1,12,1
2024-12-27 19:15:39.012000,55,1,11,2
2024-12-27 19:30:45.452000,55,1,12,1
2024-12-27 19:45:41.689000,55,1,11,2
2024-12-27 20:00:39.807000,55,1,10,3
2024-12-27 20:15:41.539000,55,1,11,2
2024-12-27 20:30:43.633000,55,1,9,4
2024-12-27 20:45:39.932000,55,1,9,4
2024-12-27 21:00:40.020000,55,1,9,4
2024-12-27 21:15:41.374000,55,1,9,4
2024-12-27 21:30:42.973000,55,1,11,2
2024-12-27 21:45:39.964000,55,1,11,2
2024-12-27 22:00:37.503000,55,1,11,2
2024-12-27 22:15:40.778000,55,1,10,2
2024-12-27 22:30:40.291000,55,1,9,4
2024-12-27 22:45:38.915000,55,1,9,4
2024-12-27 23:00:41.774000,55,1,11,2
2024-12-27 23:15:43.211000,55,1,11,2
2024-12-27 23:30:39.280000,55,1,10,3
2024-12-27 23:45:40.237000,55,1,10,3
2024-12-28 00:00:45.208000,55,1,10,3
2024-12-28 00:15:49.947000,55,1,11,2
2024-12-28 00:30:39.646000,55,1,11,2
2024-12-28 00:45:42.777000,55,1,11,2
2024-12-28 01:00:42.811000,55,1,11,2
2024-12-28 01:15:39.520000,55,1,11,2
2024-12-28 01:30:44.201000,55,1,11,2
2024-12-28 01:45:42.054000,55,1,11,2
2024-12-28 02:00:38.567000,55,1,11,2
2024-12-28 02:15:39.177000,55,1,11,2
2024-12-28 02:30:41.707000,55,1,11,2
2024-12-28 02:45:39.283000,55,1,11,2
2024-12-28 03:00:39.749000,55,1,11,2
2024-12-28 03:15:41.020000,55,1,11,2
2024-12-28 03:30:46.096000,55,1,11,2
2024-12-28 03:45:39.721000,55,1,11,2
2024-12-28 04:00:41.313000,55,1,11,2
2024-12-28 04:15:39.117000,55,1,11,2
2024-12-28 04:30:44.671000,55,1,11,2
2024-12-28 04:45:42.482000,55,1,11,2
2024-12-28 05:00:41,55,1,11,2
2024-12-28 05:15:44.691000,55,1,11,2
2024-12-28 05:30:41.322000,55,1,11,2
2024-12-28 05:45:38.045000,55,1,11,2
2024-12-28 06:00:37.147000,55,1,11,2
2024-12-28 06:15:41.902000,55,1,10,3
2024-12-28 06:30:41.107000,55,1,9,4
2024-12-28 06:45:40.417000,55,1,11,2
2024-12-28 07:00:39.069000,55,1,11,2
2024-12-28 07:15:44.788000,55,1,12,1
2024-12-28 07:30:39.225000,55,1,12,1
2024-12-28 07:45:40.459000,55,1,12,1
2024-12-28 08:00:38.225000,55,1,13,0
2024-12-28 08:15:47.219000,55,1,12,1
2024-12-28 08:30:39.241000,55,1,12,1
2024-12-28 08:45:47.180000,55,1,13,0
2024-12-28 09:00:41.269000,55,1,12,1
2024-12-28 09:15:41.477000,55,1,12,1
2024-12-28 09:30:46.605000,55,1,12,1
2024-12-28 09:45:38.460000,55,1,12,1
2024-12-28 10:00:40.906000,55,1,14,0
2024-12-28 10:15:43.809000,55,1,14,0
2024-12-28 10:30:55.531000,55,1,14,0
2024-12-28 10:45:42.473000,55,1,14,0
2024-12-28 11:00:38.127000,55,1,14,0
2024-12-28 11:15:39.696000,55,1,14,0
2024-12-28 11:30:38.510000,55,1,14,0
2024-12-28 11:45:46.551000,55,1,12,2
2024-12-28 12:00:38.826000,55,1,10,4
2024-12-28 12:15:38.995000,55,1,11,3
2024-12-28 12:30:48.203000,55,1,11,3
2024-12-28 12:45:39.222000,55,1,11,3
2024-12-28 13:00:42.168000,55,1,11,3
2024-12-28 13:15:46.189000,55,1,11,3
2024-12-28 13:30:39.396000,55,1,11,3
2024-12-28 13:45:46.043000,55,1,11,3
2024-12-28 14:00:45.224000,55,1,11,3
2024-12-28 14:15:39.051000,55,1,9,5
2024-12-28 14:30:39.427000,55,1,11,3
2024-12-28 14:45:38.939000,55,1,13,1
2024-12-28 15:00:46.196000,55,1,13,1
2024-12-28 15:15:42.213000,55,1,12,2
2024-12-28 15:30:44.467000,55,1,10,4
2024-12-28 15:45:40.007000,55,1,11,3
2024-12-28 16:00:41.573000,55,1,12,2
2024-12-28 16:15:38.722000,55,1,13,1
2024-12-28 16:30:43.672000,55,1,11,3
2024-12-28 16:45:40.759000,55,1,9,5
2024-12-28 17:00:41.906000,55,1,10,4
2024-12-28 17:15:41.412000,55,1,9,5
2024-12-28 17:30:42.545000,55,1,12,2
2024-12-28 17:45:42.102000,55,1,12,2
2024-12-28 18:00:41.493000,55,1,13,1
2024-12-28 18:15:49.487000,55,1,10,4
2024-12-28 18:30:37.847000,55,1,8,6
2024-12-28 18:45:44.543000,55,1,8,6
2024-12-28 19:00:45.352000,55,1,11,3
2024-12-28 19:15:40.232000,55,1,11,3
2024-12-28 19:30:41.663000,55,1,10,4
2024-12-28 19:45:47.431000,55,1,10,4
2024-12-28 20:00:40.943000,55,1,10,4
2024-12-28 20:15:39.737000,55,1,12,2
2024-12-28 20:30:38.743000,55,1,11,3
2024-12-28 20:45:42.286000,55,1,12,2
2024-12-28 21:00:42.056000,55,1,13,1
2024-12-28 21:15:43.220000,55,1,13,1
2024-12-28 21:30:39.541000,55,1,12,2
2024-12-28 21:45:43.607000,55,1,11,3
2024-12-28 22:00:38.208000,55,1,12,2
2024-12-28 22:15:44.504000,55,1,12,2
2024-12-28 22:30:42.066000,55,1,13,1
2024-12-28 22:45:39.842000,55,1,13,1
2024-12-28 23:00:39.797000,55,1,13,1
2024-12-28 23:15:40.270000,55,1,13,1
2024-12-28 23:30:41.190000,55,1,13,1
2024-12-28 23:45:39.664000,55,1,13,1
2024-12-29 00:00:37.568000,55,1,13,1
2024-12-29 00:15:40.686000,55,1,13,1
2024-12-29 00:30:44.257000,55,1,13,1
2024-12-29 00:45:45.454000,55,1,13,1
2024-12-29 01:00:43.117000,55,1,13,1
2024-12-29 01:15:47.231000,55,1,13,1
2024-12-29 01:30:44.072000,55,1,13,1
2024-12-29 01:45:41.636000,55,1,13,1
2024-12-29 02:00:41.465000,55,1,13,1
2024-12-29 02:15:42.393000,55,1,13,1
2024-12-29 02:30:51.939000,55,1,13,1
2024-12-29 02:45:41.462000,55,1,13,1
2024-12-29 03:00:41.418000,55,1,14,0
2024-12-29 03:15:42.140000,55,1,14,0
2024-12-29 03:30:42.791000,55,1,14,0
2024-12-29 03:45:44.858000,55,1,14,0
2024-12-29 04:00:40.122000,55,1,14,0
2024-12-29 04:15:44.561000,55,1,14,0
2024-12-29 04:30:39.409000,55,1,14,0
2024-12-29 04:45:39.087000,55,1,14,0
2024-12-29 05:00:39.775000,55,1,14,0
2024-12-29 05:15:39.993000,55,1,14,0
2024-12-29 05:30:44.658000,55,1,14,0
2024-12-29 05:45:40.723000,55,1,14,0
2024-12-29 06:00:39.828000,55,1,14,0
2024-12-29 06:15:44.434000,55,1,14,0
2024-12-29 06:30:39.525000,55,1,13,1
2024-12-29 06:45:38.295000,55,1,13,1
2024-12-29 07:00:41.798000,55,1,13,1
2024-12-29 07:15:42.033000,55,1,14,0
2024-12-29 07:30:41.698000,55,1,14,0
2024-12-29 07:45:45.262000,55,1,14,0
2024-12-29 08:00:42.264000,55,1,14,0
2024-12-29 08:15:45.545000,55,1,14,0
2024-12-29 08:30:44.303000,55,1,14,0
2024-12-29 08:45:45.663000,55,1,8,5
2024-12-29 09:00:39.679000,55,1,10,3
2024-12-29 09:15:41.172000,55,1,10,3
2024-12-29 09:30:39.199000,55,1,10,3
2024-12-29 09:45:45.291000,55,1,10,3
2024-12-29 10:00:42.267000,55,1,10,3
2024-12-29 10:15:43.491000,55,1,10,3
2024-12-29 10:30:41.461000,55,1,10,3
2024-12-29 10:45:41.649000,55,1,9,4
2024-12-29 11:00:40.573000,55,1,9,4
2024-12-29 11:15:42.719000,55,1,9,4
2024-12-29 11:30:42.984000,55,1,8,5
2024-12-29 11:45:40.103000,55,1,7,6
2024-12-29 12:00:41.312000,55,1,7,6
2024-12-29 12:15:41.943000,55,1,5,8
2024-12-29 12:30:39.315000,55,1,9,4
2024-12-29 12:45:39.179000,55,1,9,4
2024-12-29 13:00:41.836000,55,1,9,4
2024-12-29 13:15:41.786000,55,1,7,6
2024-12-29 13:30:42.901000,55,1,8,5
2024-12-29 13:45:41.420000,55,1,8,5
2024-12-29 14:00:41.370000,55,1,6,7
2024-12-29 14:15:41.575000,55,1,6,7
2024-12-29 14:30:38.715000,55,1,6,7
2024-12-29 14:45:38.863000,55,1,8,5
2024-12-29 15:00:39.440000,55,1,9,4
2024-12-29 15:15:45.870000,55,1,9,4
2024-12-29 15:30:42.987000,55,1,9,4
2024-12-29 15:45:41.241000,55,1,9,4
2024-12-29 16:00:40.463000,55,1,8,5
2024-12-29 16:15:42.110000,55,1,9,4
2024-12-29 16:30:42.186000,55,1,7,6
2024-12-29 16:45:42.270000,55,1,8,5
2024-12-29 17:00:39.447000,55,1,9,4
2024-12-29 17:15:38.964000,55,1,7,6
2024-12-29 17:30:39.975000,55,1,7,6
2024-12-29 17:45:42.938000,55,1,7,6
2024-12-29 18:00:38.801000,55,1,7,6
2024-12-29 18:15:38.796000,55,1,8,5
2024-12-29 18:30:40.649000,55,1,8,5
2024-12-29 18:45:41.167000,55,1,10,3
2024-12-29 19:00:41.441000,55,1,11,2
2024-12-29 19:15:43.567000,55,1,11,2
2024-12-29 19:30:40.117000,55,1,11,2
2024-12-29 19:45:40.051000,55,1,11,2
2024-12-29 20:00:38.546000,55,1,11,2
2024-12-29 20:15:43.030000,55,1,11,2
2024-12-29 20:30:45.525000,55,1,11,2
2024-12-29 20:45:41.742000,55,1,11,2
2024-12-29 21:00:42.810000,55,1,11,2
2024-12-29 21:15:40.789000,55,1,11,2
2024-12-29 21:30:44.567000,55,1,11,2
2024-12-29 21:45:46.343000,55,1,11,2
2024-12-29 22:00:41.906000,55,1,11,2
2024-12-29 22:15:43.213000,55,1,11,2
2024-12-29 22:30:42.763000,55,1,11,2
2024-12-29 22:45:40.595000,55,1,11,2
2024-12-29 23:00:39.759000,55,1,11,2
2024-12-29 23:15:46.441000,55,1,11,2
2024-12-29 23:30:42.645000,55,1,11,2
2024-12-29 23:45:38.687000,55,1,11,2
2024-12-30 00:00:41.450000,55,1,11,2
2024-12-30 00:15:42.482000,55,1,11,2
2024-12-30 00:30:50.244000,55,1,11,2
2024-12-30 00:45:45.478000,55,1,11,2
2024-12-30 01:00:43.827000,55,1,11,2
2024-12-30 01:15:49.033000,55,1,11,2
2024-12-30 01:30:46.021000,55,1,11,2
2024-12-30 01:45:45.391000,55,1,11,2
2024-12-30 02:00:41.222000,55,1,11,2
2024-12-30 02:15:44.651000,55,1,11,2
2024-12-30 02:30:47.110000,55,1,11,2
2024-12-30 02:45:41.416000,55,1,11,2
2024-12-30 03:00:43.249000,55,1,11,2
2024-12-30 03:15:55.804000,55,1,11,2
2024-12-30 03:30:43.271000,55,1,11,2
2024-12-30 03:45:39.196000,55,1,11,2
2024-12-30 04:00:45.082000,55,1,11,2
2024-12-30 04:15:45.816000,55,1,11,2
2024-12-30 04:30:43.048000,55,1,11,2
2024-12-30 04:45:43.725000,55,1,11,2
2024-12-30 05:00:41.065000,55,1,11,1
2024-12-30 05:15:39.016000,55,1,11,2
2024-12-30 05:30:40.300000,55,1,12,1
2024-12-30 05:45:41.794000,55,1,12,1
2024-12-30 06:00:40.147000,55,1,12,1
2024-12-30 06:15:42.506000,55,1,10,3
2024-12-30 06:30:42.130000,55,1,7,6
2024-12-30 06:45:42.601000,55,1,10,3
2024-12-30 07:00:43.514000,55,1,10,2
2024-12-30 07:15:41.456000,55,1,11,1
2024-12-30 07:30:46.696000,55,1,11,1
2024-12-30 07:45:41.709000,55,1,11,1
2024-12-30 08:00:43.086000,55,1,11,1
2024-12-30 08:15:40.250000,55,1,10,2
2024-12-30 08:30:42.645000,55,1,10,2
2024-12-30 08:45:39.291000,55,1,10,2
2024-12-30 09:00:40.594000,55,1,10,2
2024-12-30 09:15:40.958000,55,1,9,3
2024-12-30 09:30:42.500000,55,1,9,3
2024-12-30 09:45:42.962000,55,1,9,3
2024-12-30 10:00:42.708000,55,1,9,2
2024-12-30 10:15:44.958000,55,1,9,3
2024-12-30 10:30:39.674000,55,1,10,2
2024-12-30 10:45:42.028000,55,1,11,1
2024-12-30 11:00:40.611000,55,1,12,0
2024-12-30 11:15:42.420000,55,1,12,0
2024-12-30 11:30:45.005000,55,1,12,0
2024-12-30 11:45:39.483000,55,1,12,0
2024-12-30 12:00:42.275000,55,1,11,1
2024-12-30 12:15:41.703000,55,1,10,2
2024-12-30 12:30:45.421000,55,1,11,1
2024-12-30 12:45:40.488000,55,1,12,0
2024-12-30 13:00:42.720000,55,1,8,4
2024-12-30 13:15:43.905000,55,1,8,4
2024-12-30 13:30:41.908000,55,1,8,4
2024-12-30 13:45:42.961000,55,1,8,4
2024-12-30 14:00:43.717000,55,1,6,6
2024-12-30 14:15:44.535000,55,1,5,7
2024-12-30 14:30:40.995000,55,1,4,8
2024-12-30 14:45:42.987000,55,1,6,6
2024-12-30 15:00:42.182000,55,1,7,5
2024-12-30 15:15:43.068000,55,1,7,5
2024-12-30 15:30:45.691000,55,1,7,5
2024-12-30 15:45:40.090000,55,1,7,5
2024-12-30 16:00:41.261000,55,1,7,5
2024-12-30 16:15:42.297000,55,1,7,5
2024-12-30 16:30:41.266000,55,1,7,5
2024-12-30 16:45:39.764000,55,1,6,6
2024-12-30 17:00:40.557000,55,1,8,4
2024-12-30 17:15:44.718000,55,1,9,3
2024-12-30 17:30:39.771000,55,1,9,3
2024-12-30 17:45:40.058000,55,1,11,0
2024-12-30 18:00:40.971000,55,1,9,2
2024-12-30 18:15:43.802000,55,1,8,4
2024-12-30 18:30:41.012000,55,1,8,2
2024-12-30 18:45:44.070000,55,1,9,3
2024-12-30 19:00:41.895000,55,1,7,6
2024-12-30 19:15:42.892000,55,1,8,5
2024-12-30 19:30:39.111000,55,1,8,5
2024-12-30 19:45:39.258000,55,1,6,7
2024-12-30 20:00:40.376000,55,1,7,6
2024-12-30 20:15:41.019000,55,1,7,6
2024-12-30 20:30:42.406000,55,1,7,6
2024-12-30 20:45:43.182000,55,1,7,6
2024-12-30 21:00:40.899000,55,1,6,7
2024-12-30 21:15:44.731000,55,1,6,7
2024-12-30 21:30:41.256000,55,1,6,7
2024-12-30 21:45:42.523000,55,1,6,7
2024-12-30 22:00:40.657000,55,1,6,7
2024-12-30 22:15:43.368000,55,1,6,7
2024-12-30 22:30:43.392000,55,1,6,7
2024-12-30 22:45:40.800000,55,1,6,7
2024-12-30 23:00:41.641000,55,1,6,7
2024-12-30 23:15:41.078000,55,1,6,7
2024-12-30 23:30:42.406000,55,1,6,7
2024-12-30 23:45:41.911000,55,1,6,7
2024-12-31 00:00:42.214000,55,1,6,7
2024-12-31 00:15:46.905000,55,1,6,7
2024-12-31 00:30:43.128000,55,1,3,10
2024-12-31 00:45:43.468000,55,1,3,10
2024-12-31 01:00:40.797000,55,1,3,10
2024-12-31 01:15:40.498000,55,1,3,10
2024-12-31 01:30:43.700000,55,1,3,10
2024-12-31 01:45:42.835000,55,1,3,10
2024-12-31 02:00:43.359000,55,1,3,10
2024-12-31 02:15:38.567000,55,1,3,10
2024-12-31 02:30:43.609000,55,1,3,10
2024-12-31 02:45:43.137000,55,1,3,10
2024-12-31 03:00:43.048000,55,1,3,10
2024-12-31 03:15:39.567000,55,1,3,10
2024-12-31 03:30:42.957000,55,1,3,10
2024-12-31 03:45:40.866000,55,1,3,10
2024-12-31 04:00:40.991000,55,1,3,10
2024-12-31 04:15:40.297000,55,1,3,10
2024-12-31 04:30:41.779000,55,1,3,10
2024-12-31 04:45:42.023000,55,1,3,10
2024-12-31 05:00:42.885000,55,1,3,10
2024-12-31 05:15:43.459000,55,1,3,10
2024-12-31 05:30:42.429000,55,1,3,10
2024-12-31 05:45:44.436000,55,1,3,10
2024-12-31 06:00:41.402000,55,1,3,10
2024-12-31 06:15:43.772000,55,1,3,10
2024-12-31 06:30:41.697000,55,1,2,11
2024-12-31 06:45:42.478000,55,1,3,10
2024-12-31 07:00:43.094000,55,1,3,10
2024-12-31 07:15:45.760000,55,1,4,9
2024-12-31 07:30:40.494000,55,1,4,9
2024-12-31 07:45:47.930000,55,1,4,9
2024-12-31 08:00:39.554000,55,1,4,9
2024-12-31 08:15:41.388000,55,1,4,9
2024-12-31 08:30:41.306000,55,1,4,9
2024-12-31 08:45:43.715000,55,1,4,9
2024-12-31 09:00:46.791000,55,1,4,9
2024-12-31 09:15:40.663000,55,1,4,9
2024-12-31 09:30:45.553000,55,1,4,9
2024-12-31 09:45:42.519000,55,1,3,10
2024-12-31 10:00:42.766000,55,1,4,8
2024-12-31 10:15:41.048000,55,1,3,9
2024-12-31 10:30:42.056000,55,1,4,8
2024-12-31 10:45:42.027000,55,1,4,8
2024-12-31 11:00:41.448000,55,1,6,6
2024-12-31 11:15:41.901000,55,1,4,8
2024-12-31 11:30:40.063000,55,1,3,9
2024-12-31 11:45:40.341000,55,1,2,10
2024-12-31 12:00:42.137000,55,1,3,9
2024-12-31 12:15:42.645000,55,1,3,9
2024-12-31 12:30:40.890000,55,1,3,9
2024-12-31 12:45:43.415000,55,1,5,7
2024-12-31 13:00:40.116000,55,1,5,7
2024-12-31 13:15:40.948000,55,1,5,7
2024-12-31 13:30:46.655000,55,1,6,6
2024-12-31 13:45:44.520000,55,1,5,7
2024-12-31 14:00:41.580000,55,1,11,1
2024-12-31 14:15:44.614000,55,1,9,3
2024-12-31 14:30:41.960000,55,1,9,3
2024-12-31 14:45:42.471000,55,1,10,2
2024-12-31 15:00:40.759000,55,1,11,1
2024-12-31 15:15:42.470000,55,1,11,1
2024-12-31 15:30:44.806000,55,1,12,0
2024-12-31 15:45:45.998000,55,1,12,0
2024-12-31 16:00:41.831000,55,1,12,0
2024-12-31 16:15:43.608000,55,1,12,0
2024-12-31 16:31:19.141000,55,1,11,1
2024-12-31 16:45:39.291000,55,1,10,2
2024-12-31 17:00:40.861000,55,1,11,1
2024-12-31 17:15:39.196000,55,1,12,0
2024-12-31 17:30:42.625000,55,1,12,0
2024-12-31 17:45:39.661000,55,1,11,1
2024-12-31 18:00:43.439000,55,1,11,1
2024-12-31 18:15:43.412000,55,1,11,1
2024-12-31 18:30:44.997000,55,1,9,3
2024-12-31 18:45:42.995000,55,1,9,3
2024-12-31 19:00:43.145000,55,1,9,3
2024-12-31 19:15:40.537000,55,1,9,3
2024-12-31 19:30:41.652000,55,1,9,3
2024-12-31 19:45:39.581000,55,1,8,4
2024-12-31 20:00:40.278000,55,1,9,3
2024-12-31 20:15:41.980000,55,1,10,2
2024-12-31 20:30:41.410000,55,1,10,2
2024-12-31 20:45:43.220000,55,1,10,2
2024-12-31 21:00:39.861000,55,1,10,2
2024-12-31 21:15:42.020000,55,1,10,2
2024-12-31 21:30:44.607000,55,1,10,2
2024-12-31 21:45:43.328000,55,1,11,1
2024-12-31 22:00:42.659000,55,1,11,1
2024-12-31 22:15:44.078000,55,1,11,1
2024-12-31 22:30:40.107000,55,1,12,0
2024-12-31 22:45:41.503000,55,1,12,0
2024-12-31 23:00:40.290000,55,1,12,0
2024-12-31 23:15:42.647000,55,1,12,0
2024-12-31 23:30:42.885000,55,1,12,0
2024-12-31 23:45:40.739000,55,1,12,0
2025-01-01 00:00:39.743000,55,1,12,0
2025-01-01 00:15:44.304000,55,1,12,0
2025-01-01 00:30:40.133000,55,1,12,0
2025-01-01 00:45:39.989000,55,1,12,0
2025-01-01 01:00:42.859000,55,1,12,0
2025-01-01 01:15:42.444000,55,1,12,0
2025-01-01 01:30:42.645000,55,1,12,0
2025-01-01 01:45:40.911000,55,1,12,0
2025-01-01 02:00:42.517000,55,1,12,0
2025-01-01 02:15:44.229000,55,1,12,0
2025-01-01 02:30:44.543000,55,1,12,0
2025-01-01 02:45:44.106000,55,1,12,0
2025-01-01 03:00:44.557000,55,1,12,0
2025-01-01 03:15:39.945000,55,1,12,0
2025-01-01 03:30:43.500000,55,1,12,0
2025-01-01 03:45:39.988000,55,1,12,0
2025-01-01 04:00:41.036000,55,1,12,0
2025-01-01 04:15:41.304000,55,1,12,0
2025-01-01 04:30:44.859000,55,1,12,0
2025-01-01 04:45:39.339000,55,1,12,0
2025-01-01 05:00:39.732000,55,1,12,0
2025-01-01 05:15:45.807000,55,1,12,0
2025-01-01 05:30:41.763000,55,1,12,0
2025-01-01 05:45:45.945000,55,1,12,0
2025-01-01 06:00:40.869000,55,1,11,1
2025-01-01 06:15:39.524000,55,1,9,3
2025-01-01 06:30:43.191000,55,1,7,5
2025-01-01 06:45:43.307000,55,1,8,4
2025-01-01 07:00:40.927000,55,1,9,3
2025-01-01 07:15:50.023000,55,1,9,3
2025-01-01 07:30:39.945000,55,1,10,2
2025-01-01 07:45:40.253000,55,1,10,2
2025-01-01 08:00:46.071000,55,1,9,3
2025-01-01 08:15:43.712000,55,1,9,3
2025-01-01 08:30:43.805000,55,1,9,3
2025-01-01 08:45:39.572000,55,1,9,3
2025-01-01 09:00:49.248000,55,1,9,3
2025-01-01 09:15:43.408000,55,1,9,3
2025-01-01 09:30:39.948000,55,1,9,3
2025-01-01 09:45:46.945000,55,1,10,2
2025-01-01 10:00:41.312000,55,1,11,1
2025-01-01 10:15:40.551000,55,1,11,1
2025-01-01 10:30:41.386000,55,1,10,2
2025-01-01 10:45:44.587000,55,1,10,2
2025-01-01 11:00:38.409000,55,1,10,2
2025-01-01 11:15:43.183000,55,1,10,2
2025-01-01 11:30:42.607000,55,1,10,2
2025-01-01 11:45:42.618000,55,1,12,0
2025-01-01 12:00:41.445000,55,1,11,1
2025-01-01 12:15:40.590000,55,1,10,2
2025-01-01 12:30:44.243000,55,1,11,1
2025-01-01 12:45:41.730000,55,1,11,1
2025-01-01 13:00:39.741000,55,1,11,1
2025-01-01 13:15:43.042000,55,1,12,0
2025-01-01 13:30:43.084000,55,1,12,0
2025-01-01 13:45:45.516000,55,1,12,0
2025-01-01 14:00:47.704000,55,1,12,0
2025-01-01 14:15:42.616000,55,1,11,1
2025-01-01 14:30:42.781000,55,1,8,4
2025-01-01 14:45:45.053000,55,1,10,2
2025-01-01 15:00:48.165000,55,1,10,2
2025-01-01 15:15:41.438000,55,1,10,2
2025-01-01 15:30:40.623000,55,1,10,2
2025-01-01 15:45:43.725000,55,1,10,2
2025-01-01 16:00:39.273000,55,1,11,1
2025-01-01 16:15:40.496000,55,1,11,1
2025-01-01 16:30:40.994000,55,1,9,3
2025-01-01 16:45:42.237000,55,1,7,5
2025-01-01 17:00:42.102000,55,1,11,1
2025-01-01 17:15:40.379000,55,1,11,1
2025-01-01 17:30:38.995000,55,1,10,2
2025-01-01 17:45:44.039000,55,1,12,0
2025-01-01 18:00:39.683000,55,1,13,0
2025-01-01 18:15:42.589000,55,1,12,1
2025-01-01 18:30:40.519000,55,1,10,3
2025-01-01 18:45:42.072000,55,1,12,1
2025-01-01 19:00:42.805000,55,1,10,3
2025-01-01 19:15:40.944000,55,1,9,4
2025-01-01 19:30:44.304000,55,1,11,2
2025-01-01 19:45:39.741000,55,1,11,2
2025-01-01 20:00:39.208000,55,1,11,2
2025-01-01 20:15:40.049000,55,1,11,2
2025-01-01 20:30:42.625000,55,1,11,2
2025-01-01 20:45:42.558000,55,1,11,2
2025-01-01 21:00:41.575000,55,1,11,2
2025-01-01 21:15:39.758000,55,1,11,2
2025-01-01 21:31:06.454000,55,1,11,2
2025-01-01 21:45:41.196000,55,1,11,2
2025-01-01 22:00:41.335000,55,1,11,2
2025-01-01 22:15:42.802000,55,1,11,2
2025-01-01 22:30:42.200000,55,1,11,2
2025-01-01 22:45:41.453000,55,1,11,2
2025-01-01 23:00:42.056000,55,1,11,2
2025-01-01 23:15:40.127000,55,1,11,2
2025-01-01 23:30:43.110000,55,1,11,2
2025-01-01 23:45:46.081000,55,1,12,0
2025-01-02 00:00:40.445000,55,1,12,1
2025-01-02 00:15:48.018000,55,1,12,1
2025-01-02 00:30:39.850000,55,1,12,1
2025-01-02 00:45:42.850000,55,1,12,1
2025-01-02 01:00:40.482000,55,1,12,1
2025-01-02 01:15:42.236000,55,1,12,1
2025-01-02 01:30:41.236000,55,1,12,1
2025-01-02 01:45:40.934000,55,1,12,1
2025-01-02 02:00:40.686000,55,1,12,1
2025-01-02 02:15:41.147000,55,1,12,1
2025-01-02 02:30:41.593000,55,1,12,1
2025-01-02 02:45:40.462000,55,1,12,1
2025-01-02 03:00:44.232000,55,1,12,1
2025-01-02 03:15:46.650000,55,1,12,1
2025-01-02 03:30:42.451000,55,1,12,1
2025-01-02 03:45:40.740000,55,1,12,1
2025-01-02 04:00:40.458000,55,1,12,1
2025-01-02 04:15:42.122000,55,1,12,1
2025-01-02 04:30:41.785000,55,1,12,1
2025-01-02 04:45:43.017000,55,1,12,1
2025-01-02 05:00:42.975000,55,1,12,1
2025-01-02 05:15:41.920000,55,1,12,1
2025-01-02 05:30:47.006000,55,1,12,1
2025-01-02 05:45:43.481000,55,1,12,1
2025-01-02 06:00:40.649000,55,1,12,1
2025-01-02 06:15:46.587000,55,1,12,1
2025-01-02 06:30:43.062000,55,1,9,4
2025-01-02 06:45:42.233000,55,1,10,3
2025-01-02 07:00:44.804000,55,1,11,2
2025-01-02 07:15:44.657000,55,1,11,2
2025-01-02 07:30:47.764000,55,1,12,1
2025-01-02 07:45:41.715000,55,1,12,1
2025-01-02 08:00:44.950000,55,1,12,1
2025-01-02 08:15:42.781000,55,1,10,3
2025-01-02 08:30:40.330000,55,1,10,3
2025-01-02 08:45:44.715000,55,1,9,4
2025-01-02 09:00:44.690000,55,1,10,3
2025-01-02 09:16:09.145000,55,1,11,2
2025-01-02 09:30:41.846000,55,1,11,2
2025-01-02 09:45:41.277000,55,1,11,2
2025-01-02 10:00:43.192000,55,1,11,2
2025-01-02 10:15:42.974000,55,1,11,2
2025-01-02 10:30:44.271000,55,1,10,3
2025-01-02 10:45:43.144000,55,1,10,3
2025-01-02 11:00:41.405000,55,1,10,3
2025-01-02 11:15:40.987000,55,1,10,3
2025-01-02 11:30:40.946000,55,1,10,2
2025-01-02 11:45:42.831000,55,1,10,2
2025-01-02 12:00:41.090000,55,1,8,4
2025-01-02 12:15:41.213000,55,1,8,4
2025-01-02 12:31:09.341000,55,1,10,2
2025-01-02 12:45:42.460000,55,1,10,2
2025-01-02 13:00:51.939000,55,1,10,2
2025-01-02 13:15:42.927000,55,1,10,2
2025-01-02 13:30:41.507000,55,1,8,4
2025-01-02 13:45:43.739000,55,1,9,3
2025-01-02 14:00:45.472000,55,1,9,3
2025-01-02 14:15:41.686000,55,1,7,5
2025-01-02 14:30:44.499000,55,1,8,4
2025-01-02 14:45:43.291000,55,1,9,3
2025-01-02 15:00:46.333000,55,1,10,2
2025-01-02 15:15:42.044000,55,1,9,3
2025-01-02 15:30:43.959000,55,1,11,1
2025-01-02 15:45:43.879000,55,1,9,3
2025-01-02 16:00:42.262000,55,1,10,2
2025-01-02 16:15:43.195000,55,1,9,3
2025-01-02 16:30:43.640000,55,1,8,4
2025-01-02 16:45:43.495000,55,1,7,5
2025-01-02 17:00:44.095000,55,1,8,4
2025-01-02 17:15:40.987000,55,1,8,4
2025-01-02 17:30:40.631000,55,1,8,4
2025-01-02 17:45:41.286000,55,1,7,5
2025-01-02 18:00:41.309000,55,1,5,7
2025-01-02 18:15:42.019000,55,1,3,9
2025-01-02 18:30:40.404000,55,1,2,10
2025-01-02 18:45:42.797000,55,1,4,8
2025-01-02 19:01:06.215000,55,1,5,7
2025-01-02 19:15:42.657000,55,1,6,6
2025-01-02 19:30:43.917000,55,1,6,6
2025-01-02 19:45:43.384000,55,1,6,6
2025-01-02 20:00:42.041000,55,1,6,6
2025-01-02 20:15:39.952000,55,1,6,6
2025-01-02 20:30:43.955000,55,1,5,7
2025-01-02 20:45:41.331000,55,1,5,7
2025-01-02 21:00:41.632000,55,1,4,8
2025-01-02 21:15:45.761000,55,1,4,8
2025-01-02 21:30:41.056000,55,1,5,7
2025-01-02 21:45:46.433000,55,1,4,8
2025-01-02 22:00:42.651000,55,1,4,8
2025-01-02 22:15:40.408000,55,1,5,7
2025-01-02 22:30:41.664000,55,1,7,5
2025-01-02 22:45:47.531000,55,1,8,4
2025-01-02 23:00:41.919000,55,1,9,3
2025-01-02 23:15:42.979000,55,1,9,3
2025-01-02 23:30:45.802000,55,1,9,3
2025-01-02 23:45:42.478000,55,1,12,0
2025-01-03 00:00:39.490000,55,1,12,0
2025-01-03 00:15:40.298000,55,1,12,0
2025-01-03 00:30:52.369000,55,1,11,1
2025-01-03 00:45:42.348000,55,1,11,1
2025-01-03 01:00:41.518000,55,1,11,1
2025-01-03 01:15:41.389000,55,1,11,1
2025-01-03 01:30:43.102000,55,1,11,1
2025-01-03 01:45:41.009000,55,1,10,2
2025-01-03 02:00:43.086000,55,1,10,2
2025-01-03 02:15:42.876000,55,1,10,2
2025-01-03 02:30:42.554000,55,1,10,2
2025-01-03 02:45:41.225000,55,1,10,2
2025-01-03 03:00:42.723000,55,1,10,2
2025-01-03 03:15:43.961000,55,1,10,2
2025-01-03 03:30:43.902000,55,1,10,2
2025-01-03 03:45:42.760000,55,1,10,2
2025-01-03 04:00:40.120000,55,1,10,2
2025-01-03 04:15:47.072000,55,1,10,2
2025-01-03 04:30:43.369000,55,1,10,2
2025-01-03 04:46:08.109000,55,1,10,2
2025-01-03 05:00:40.284000,55,1,11,1
2025-01-03 05:15:47.545000,55,1,11,1
2025-01-03 05:30:45.969000,55,1,11,1
2025-01-03 05:45:41.740000,55,1,11,1
2025-01-03 06:00:44.420000,55,1,10,2
2025-01-03 06:15:41.402000,55,1,10,2
2025-01-03 06:30:43.411000,55,1,7,5
2025-01-03 06:45:39.650000,55,1,7,5
2025-01-03 07:00:48.395000,55,1,9,3
2025-01-03 07:15:42.511000,55,1,10,2
2025-01-03 07:30:40.651000,55,1,11,1
2025-01-03 07:45:42.935000,55,1,12,0
2025-01-03 08:01:07.680000,55,1,12,0
2025-01-03 08:15:40.404000,55,1,10,2
2025-01-03 08:30:41.392000,55,1,12,0
2025-01-03 08:45:45.407000,55,1,10,1
2025-01-03 09:00:47.820000,55,1,10,0
2025-01-03 09:15:44.055000,55,1,10,0
2025-01-03 09:30:44.670000,55,1,10,0
2025-01-03 09:45:41.287000,55,1,10,0
2025-01-03 10:00:42.954000,55,1,10,0
2025-01-03 10:15:44.625000,55,1,10,0
2025-01-03 10:30:45.721000,55,1,10,0
2025-01-03 10:45:43.159000,55,1,10,2
2025-01-03 11:00:43.933000,55,1,8,4
2025-01-03 11:15:44.713000,55,1,7,5
2025-01-03 11:30:43.276000,55,1,7,5
2025-01-03 11:45:43.819000,55,1,7,5
2025-01-03 12:00:45.462000,55,1,8,4
2025-01-03 12:15:40.067000,55,1,8,4
2025-01-03 12:30:43.513000,55,1,7,5
2025-01-03 12:45:41.516000,55,1,8,4
2025-01-03 13:00:41.637000,55,1,8,4
2025-01-03 13:15:41.177000,55,1,9,3
2025-01-03 13:30:45.478000,55,1,9,3
2025-01-03 13:45:42.663000,55,1,9,3
2025-01-03 14:00:44.763000,55,1,10,2
2025-01-03 14:15:46.345000,55,1,9,3
2025-01-03 14:30:41.377000,55,1,9,3
2025-01-03 14:45:43.692000,55,1,10,2
2025-01-03 15:00:40.618000,55,1,10,2
2025-01-03 15:15:44.814000,55,1,10,2
2025-01-03 15:30:42.215000,55,1,9,3
2025-01-03 15:45:43.403000,55,1,9,3
2025-01-03 16:00:43.288000,55,1,9,3
2025-01-03 16:15:43.634000,55,1,9,3
2025-01-03 16:30:43.698000,55,1,10,2
2025-01-03 16:45:40.852000,55,1,8,4
2025-01-03 17:00:40.860000,55,1,10,2
2025-01-03 17:15:43.159000,55,1,11,1
2025-01-03 17:30:45.884000,55,1,12,0
2025-01-03 17:45:43.683000,55,1,12,0
2025-01-03 18:00:43.104000,55,1,12,0
2025-01-03 18:15:42.635000,55,1,11,1
2025-01-03 18:30:44.727000,55,1,10,2
2025-01-03 18:45:44.085000,55,1,10,2
2025-01-03 19:00:41.658000,55,1,12,0
2025-01-03 19:15:48.946000,55,1,9,3
2025-01-03 19:30:42.098000,55,1,9,3
2025-01-03 19:45:42.281000,55,1,7,5
2025-01-03 20:00:42.439000,55,1,7,5
2025-01-03 20:15:43.694000,55,1,6,6
2025-01-03 20:30:43.950000,55,1,6,6
2025-01-03 20:45:42.894000,55,1,3,9
2025-01-03 21:00:41.825000,55,1,3,9
2025-01-03 21:15:41.465000,55,1,3,9
2025-01-03 21:30:41.809000,55,1,3,9
2025-01-03 21:45:41.223000,55,1,4,8
2025-01-03 22:00:41.120000,55,1,5,7
2025-01-03 22:15:43.240000,55,1,5,7
2025-01-03 22:30:43.382000,55,1,5,7
2025-01-03 22:45:43.591000,55,1,6,6
2025-01-03 23:00:40.424000,55,1,6,6
2025-01-03 23:15:42.990000,55,1,6,6
2025-01-03 23:30:44.964000,55,1,6,6
2025-01-03 23:45:42.916000,55,1,6,6
2025-01-04 00:00:40.619000,55,1,6,6
2025-01-04 00:15:40.889000,55,1,6,6
2025-01-04 00:30:42.268000,55,1,6,6
2025-01-04 00:45:44.025000,55,1,6,6
2025-01-04 01:00:43.671000,55,1,6,6
2025-01-04 01:15:40.398000,55,1,10,2
2025-01-04 01:30:42.357000,55,1,10,2
2025-01-04 01:45:41.156000,55,1,10,2
2025-01-04 02:00:41.531000,55,1,10,2
2025-01-04 02:15:44.199000,55,1,10,2
2025-01-04 02:30:42.968000,55,1,10,2
2025-01-04 02:45:43.310000,55,1,10,2
2025-01-04 03:00:43.997000,55,1,10,2
2025-01-04 03:15:41.685000,55,1,10,2
2025-01-04 03:30:43.143000,55,1,10,2
2025-01-04 03:45:41.185000,55,1,10,2
2025-01-04 04:00:47.593000,55,1,10,2
2025-01-04 04:15:47.736000,55,1,10,2
2025-01-04 04:30:41.386000,55,1,10,2
2025-01-04 04:45:39.889000,55,1,10,2
2025-01-04 05:00:43.622000,55,1,10,2
2025-01-04 05:15:45.548000,55,1,10,2
2025-01-04 05:30:41.981000,55,1,10,2
2025-01-04 05:45:42.975000,55,1,10,2
2025-01-04 06:00:42.091000,55,1,10,2
2025-01-04 06:15:48.013000,55,1,8,4
2025-01-04 06:30:47.728000,55,1,8,4
2025-01-04 06:45:41.019000,55,1,9,3
2025-01-04 07:00:42.101000,55,1,9,3
2025-01-04 07:15:46.682000,55,1,9,3
2025-01-04 07:30:43.718000,55,1,9,3
2025-01-04 07:45:40.758000,55,1,9,4
2025-01-04 08:00:45.591000,55,1,10,3
2025-01-04 08:15:45.899000,55,1,8,5
2025-01-04 08:31:10.348000,55,1,7,6
2025-01-04 08:45:44.486000,55,1,7,6
2025-01-04 09:00:41.367000,55,1,7,6
2025-01-04 09:15:45.333000,55,1,8,5
2025-01-04 09:30:44.333000,55,1,8,5
2025-01-04 09:45:43.733000,55,1,8,5
2025-01-04 10:00:43.262000,55,1,8,5
2025-01-04 10:15:41.770000,55,1,8,5
2025-01-04 10:30:45.571000,55,1,7,6
2025-01-04 10:45:40.871000,55,1,7,6
2025-01-04 11:00:41.697000,55,1,8,5
2025-01-04 11:15:42.855000,55,1,8,5
2025-01-04 11:30:44.899000,55,1,5,8
2025-01-04 11:45:40.582000,55,1,5,8
2025-01-04 12:00:43.653000,55,1,5,8
2025-01-04 12:15:47.079000,55,1,3,10
2025-01-04 12:30:41.865000,55,1,4,9
2025-01-04 12:45:43.711000,55,1,4,9
2025-01-04 13:00:42.758000,55,1,4,9
2025-01-04 13:15:41.222000,55,1,4,9
2025-01-04 13:30:41.833000,55,1,5,8
2025-01-04 13:45:40.533000,55,1,5,8
2025-01-04 14:00:44.721000,55,1,3,10
2025-01-04 14:15:46.305000,55,1,0,13
2025-01-04 14:30:47.740000,55,1,3,10
2025-01-04 14:45:43.369000,55,1,5,8
2025-01-04 15:00:43.530000,55,1,7,6
2025-01-04 15:15:46.167000,55,1,6,7
2025-01-04 15:30:43.826000,55,1,6,7
2025-01-04 15:45:48.627000,55,1,6,7
2025-01-04 16:00:40.223000,55,1,6,7
2025-01-04 16:15:39.924000,55,1,5,8
2025-01-04 16:30:47.109000,55,1,4,8
2025-01-04 16:45:45.157000,55,1,4,9
2025-01-04 17:00:42.809000,55,1,5,8
2025-01-04 17:15:51.344000,55,1,4,9
2025-01-04 17:30:41.531000,55,1,3,10
2025-01-04 17:45:43.442000,55,1,1,11
2025-01-04 18:00:41.755000,55,1,1,12
2025-01-04 18:16:11.559000,55,1,0,13
2025-01-04 18:30:39.165000,55,1,3,10
2025-01-04 18:45:52.222000,55,1,1,12
2025-01-04 19:00:44.748000,55,1,5,8
2025-01-04 19:15:44.348000,55,1,5,8
2025-01-04 19:30:49.859000,55,1,5,8
2025-01-04 19:45:42.439000,55,1,2,11
2025-01-04 20:00:42.540000,55,1,4,9
2025-01-04 20:15:45.363000,55,1,4,9
2025-01-04 20:30:42.138000,55,1,4,9
2025-01-04 20:45:41.614000,55,1,4,9
2025-01-04 21:00:41.045000,55,1,5,8
2025-01-04 21:15:41.187000,55,1,4,9
2025-01-04 21:30:42.094000,55,1,1,12
2025-01-04 21:45:42.597000,55,1,1,12
2025-01-04 22:00:40.660000,55,1,2,11
2025-01-04 22:15:47.045000,55,1,2,11
2025-01-04 22:30:42.395000,55,1,3,10
2025-01-04 22:45:45.882000,55,1,3,10
2025-01-04 23:00:41.259000,55,1,3,10
2025-01-04 23:15:41.514000,55,1,4,9
2025-01-04 23:30:42.096000,55,1,5,8
2025-01-04 23:45:40.002000,55,1,5,8
2025-01-05 00:00:44.779000,55,1,5,8
2025-01-05 00:15:41.188000,55,1,5,8
2025-01-05 00:30:45.965000,55,1,5,8
2025-01-05 00:45:41.075000,55,1,5,8
2025-01-05 01:00:42.150000,55,1,5,8
2025-01-05 01:15:40.612000,55,1,5,8
2025-01-05 01:30:44.138000,55,1,5,8
2025-01-05 01:45:45.555000,55,1,6,7
2025-01-05 02:00:44.362000,55,1,6,7
2025-01-05 02:15:44.047000,55,1,6,6
2025-01-05 02:30:43.480000,55,1,8,5
2025-01-05 02:45:42.419000,55,1,8,5
2025-01-05 03:00:45.120000,55,1,8,5
2025-01-05 03:15:41.227000,55,1,7,6
2025-01-05 03:30:43.656000,55,1,7,6
2025-01-05 03:45:43.641000,55,1,6,7
2025-01-05 04:00:42.436000,55,1,6,7
2025-01-05 04:15:42.023000,55,1,6,7
2025-01-05 04:30:43.898000,55,1,6,7
2025-01-05 04:45:45.270000,55,1,7,6
2025-01-05 05:00:42.187000,55,1,7,6
2025-01-05 05:15:45.186000,55,1,7,6
2025-01-05 05:30:45.991000,55,1,8,5
2025-01-05 05:45:42.779000,55,1,9,4
2025-01-05 06:00:41.515000,55,1,9,4
2025-01-05 06:15:48.813000,55,1,8,5
2025-01-05 06:30:48.877000,55,1,6,7
2025-01-05 06:45:40.914000,55,1,6,7
2025-01-05 07:00:43.483000,55,1,7,6
2025-01-05 07:15:43.468000,55,1,7,6
2025-01-05 07:30:42.688000,55,1,7,6
2025-01-05 07:45:45.933000,55,1,7,6
2025-01-05 08:00:41.942000,55,1,7,6
2025-01-05 08:15:44.539000,55,1,6,7
2025-01-05 08:30:42.983000,55,1,5,8
2025-01-05 08:45:42.540000,55,1,6,7
2025-01-05 09:00:42.378000,55,1,6,7
2025-01-05 09:15:42.163000,55,1,6,7
2025-01-05 09:30:44.911000,55,1,7,6
2025-01-05 09:45:47.958000,55,1,8,5
2025-01-05 10:00:45.407000,55,1,8,5
2025-01-05 10:15:44.283000,55,1,8,5
2025-01-05 10:30:41.532000,55,1,8,5
2025-01-05 10:45:41.808000,55,1,9,4
2025-01-05 11:00:42.669000,55,1,7,6
2025-01-05 11:15:42.376000,55,1,7,6
2025-01-05 11:30:40.140000,55,1,7,6
2025-01-05 11:45:43.021000,55,1,8,5
2025-01-05 12:00:42.114000,55,1,7,6
2025-01-05 12:15:42.873000,55,1,4,9
2025-01-05 12:30:40.364000,55,1,8,5
2025-01-05 12:45:44.532000,55,1,11,2
2025-01-05 13:00:42.967000,55,1,12,1
2025-01-05 13:15:42.568000,55,1,10,3
2025-01-05 13:30:41.385000,55,1,10,3
2025-01-05 13:45:45.656000,55,1,10,3
2025-01-05 14:00:40.751000,55,1,11,2
2025-01-05 14:15:44.914000,55,1,8,5
2025-01-05 14:30:41.642000,55,1,7,6
2025-01-05 14:45:44.143000,55,1,11,2
2025-01-05 15:00:41.674000,55,1,12,1
2025-01-05 15:15:42.830000,55,1,12,1
2025-01-05 15:30:43.273000,55,1,10,3
2025-01-05 15:45:42.430000,55,1,9,4
2025-01-05 16:00:53.683000,55,1,7,6
2025-01-05 16:15:47.803000,55,1,6,7
2025-01-05 16:30:45.495000,55,1,9,4
2025-01-05 16:45:40.440000,55,1,5,8
2025-01-05 17:00:40.708000,55,1,5,8
2025-01-05 17:15:42.633000,55,1,8,5
2025-01-05 17:30:42.456000,55,1,7,5
2025-01-05 17:45:44.716000,55,1,8,4
2025-01-05 18:00:40.891000,55,1,8,4
2025-01-05 18:15:48.928000,55,1,6,6
2025-01-05 18:30:45.368000,55,1,5,8
2025-01-05 18:45:41.282000,55,1,6,7
2025-01-05 19:00:47.080000,55,1,7,6
2025-01-05 19:15:40.816000,55,1,8,5
2025-01-05 19:30:42.608000,55,1,9,4
2025-01-05 19:45:40.942000,55,1,10,3
2025-01-05 20:00:39.983000,55,1,10,3
2025-01-05 20:15:43.065000,55,1,10,3
2025-01-05 20:30:42.258000,55,1,10,3
2025-01-05 20:45:45.509000,55,1,10,3
2025-01-05 21:00:45.607000,55,1,9,4
2025-01-05 21:15:46.859000,55,1,8,5
2025-01-05 21:30:41.448000,55,1,8,4
2025-01-05 21:45:42.044000,55,1,8,4
2025-01-05 22:00:41.618000,55,1,6,6
2025-01-05 22:15:42.045000,55,1,7,5
2025-01-05 22:30:44.122000,55,1,7,5
2025-01-05 22:45:46.972000,55,1,7,5
2025-01-05 23:00:41.967000,55,1,7,6
2025-01-05 23:15:45.092000,55,1,6,7
2025-01-05 23:30:43.658000,55,1,6,7
2025-01-05 23:45:41.082000,55,1,6,7
2025-01-06 00:00:43.892000,55,1,6,7
2025-01-06 00:15:51.036000,55,1,6,7
2025-01-06 00:30:42.939000,55,1,9,4
2025-01-06 00:45:44.031000,55,1,10,3
2025-01-06 01:00:49.580000,55,1,11,2
2025-01-06 01:15:47.534000,55,1,12,1
2025-01-06 01:30:43.503000,55,1,12,1
2025-01-06 01:45:44.770000,55,1,12,1
2025-01-06 02:00:44.900000,55,1,12,1
2025-01-06 02:16:02.969000,55,1,12,1
2025-01-06 02:30:52.079000,55,1,12,1
2025-01-06 02:45:44.230000,55,1,12,1
2025-01-06 03:00:45.830000,55,1,12,1
2025-01-06 03:15:51.294000,55,1,12,1
2025-01-06 03:30:45.214000,55,1,12,1
2025-01-06 03:45:44.771000,55,1,12,1
2025-01-06 04:00:48.468000,55,1,12,1
2025-01-06 04:15:46.581000,55,1,12,1
2025-01-06 04:30:47.095000,55,1,12,1
2025-01-06 04:45:45.425000,55,1,12,1
2025-01-06 05:00:40.881000,55,1,13,0
2025-01-06 05:15:40.976000,55,1,11,2
2025-01-06 05:30:47.550000,55,1,11,2
2025-01-06 05:45:44.690000,55,1,11,2
2025-01-06 06:00:41.578000,55,1,11,2
2025-01-06 06:15:43.341000,55,1,10,3
2025-01-06 06:30:44.991000,55,1,8,5
2025-01-06 06:45:42.375000,55,1,10,3
2025-01-06 07:00:43.316000,55,1,4,9
2025-01-06 07:15:44.707000,55,1,4,6
2025-01-06 07:30:45.489000,55,1,5,8
2025-01-06 07:45:48.349000,55,1,5,8
2025-01-06 08:01:08.212000,55,1,6,7
2025-01-06 08:15:43.448000,55,1,5,8
2025-01-06 08:30:45.484000,55,1,4,9
2025-01-06 08:45:46.461000,55,1,2,11
2025-01-06 09:00:47.049000,55,1,0,13
2025-01-06 09:15:48.405000,55,1,1,12
2025-01-06 09:30:48.147000,55,1,0,13
2025-01-06 09:45:42.615000,55,1,0,13
2025-01-06 10:00:41.194000,55,1,1,12
2025-01-06 10:15:44.733000,55,1,3,10
2025-01-06 10:30:40.823000,55,1,4,9
2025-01-06 10:45:43.985000,55,1,0,13
2025-01-06 11:00:45.536000,55,1,0,12
2025-01-06 11:15:44.404000,55,1,2,11
2025-01-06 11:30:44.176000,55,1,1,12
2025-01-06 11:45:43.203000,55,1,4,9
2025-01-06 12:00:43.558000,55,1,4,9
2025-01-06 12:15:44.278000,55,1,3,10
2025-01-06 12:45:42.601000,55,1,5,8
2025-01-06 13:00:44.672000,55,1,6,7
2025-01-06 13:15:42.104000,55,1,5,8
2025-01-06 13:30:49.192000,55,1,7,6
2025-01-06 13:45:43.515000,55,1,7,6
2025-01-06 14:00:44.389000,55,1,9,4
2025-01-06 14:15:44.760000,55,1,8,5
2025-01-06 14:30:44.608000,55,1,5,8
2025-01-06 14:45:41.752000,55,1,4,9
2025-01-06 12:30:44.134000,55,1,5,8
