station,avg_bike_stands,std_bike_stands,avg_bikes,std_bikes,cluster
1,12.11360759493671,6.316246628330872,6.195569620253164,6.409995804143966,0
2,13.422151898734176,8.673363789928533,9.788291139240506,8.795257700367616,2
3,10.698417721518988,5.855265839089584,6.1870253164556965,5.929000307505396,0
4,12.498101265822784,6.383144664260187,6.828164556962025,6.442913988484115,2
5,12.633544303797468,4.064673600612724,5.162974683544304,3.852416188578341,3
6,11.482278481012658,5.75892738011724,5.659177215189874,5.785550706743251,0
7,13.559493670886075,8.046454534519647,10.509810126582279,8.142170091797357,2
8,15.322468354430379,7.252476730281738,8.327848101265824,7.273962144690877,2
9,12.557594936708862,3.2694504157998017,5.216772151898734,3.1783789539500713,3
10,30.87879746835443,12.712549719240423,11.132911392405063,12.74154626936398,2
11,14.285443037974684,7.346972776850031,7.900632911392405,7.28245318023466,2
12,6.015189873417722,3.4961775756412337,3.9784810126582277,3.594539521891714,1
13,9.901898734177216,4.3193062695388384,4.204430379746835,4.190083787296609,3
14,9.623417721518987,5.357373025907127,6.05506329113924,5.310087606184732,0
15,12.08259493670886,4.899607607519883,6.9503164556962025,4.865952401875397,0
16,12.809493670886075,5.632158915715634,6.170253164556962,5.800317742370869,0
17,11.445886075949367,8.084876327781004,10.59367088607595,7.9706305114160285,2
18,15.337341772151898,6.581757325653323,6.62879746835443,6.633955346727963,2
19,14.717088607594937,6.897730683140756,7.512025316455696,6.837357651252954,2
20,17.193037974683545,7.298723622634874,7.911708860759494,7.348132498119811,2
21,16.84715189873418,6.752701600615914,6.864873417721519,6.787958841394687,2
22,15.680379746835444,3.7225383011736657,3.8161392405063292,3.7253856905617546,3
23,20.02151898734177,4.822934312334045,4.383860759493671,4.550771475135754,3
24,14.035443037974684,6.5835279012383525,7.238924050632911,6.671902320679803,2
25,10.932911392405064,5.5167240399259745,5.987974683544304,5.536935835661737,0
26,13.615506329113924,5.22576227802937,5.992405063291139,5.132243496301025,0
27,14.57879746835443,5.67429739924797,6.8509493670886075,5.9294362061918,0
28,11.089240506329114,5.831191688726482,6.760443037974683,6.152942953536423,0
29,12.865822784810126,6.207122216540173,6.788924050632912,6.258295219218523,0
30,16.8876582278481,6.433164277258714,5.522784810126582,6.4591726653365,2
31,12.040189873417722,4.9113668664656585,4.434810126582279,4.779552141402859,3
32,7.069303797468354,3.400269176743641,3.5025316455696203,3.402882218146532,1
33,9.532594936708861,4.517513411219774,5.193987341772152,4.564548338916047,3
34,17.593354430379748,3.616748194626742,3.9253164556962026,3.6731090206615358,3
35,20.836708860759494,3.8422412610671555,3.6313291139240507,3.815029109865829,3
36,14.036075949367088,4.0278347512139945,4.413924050632912,4.105316133709963,3
37,10.258544303797468,4.332703924769636,7.076582278481013,4.2768051985228315,0
38,23.074050632911394,6.524909587545312,6.832594936708861,6.3697519093260215,2
39,14.509810126582279,3.901189171307228,4.025632911392405,3.915655695196257,3
40,11.139556962025317,3.692838280756566,4.082278481012659,3.6761341811993056,3
41,15.442721518987343,4.581561259601203,4.593037974683544,4.626630829419226,3
42,14.420886075949367,3.340269209446389,3.6734177215189874,3.4801916333099823,3
43,14.288607594936709,4.793976048579947,4.972151898734177,4.9434775893603415,3
44,16.50379746835443,2.9784471347868138,3.242721518987342,2.8839994012953536,3
45,12.930063291139241,3.919882355224956,4.290189873417722,3.877880058328179,3
46,12.829746835443038,5.807462746411326,6.421835443037975,5.810522306091638,0
47,24.350949367088607,4.03270097590869,4.487658227848101,4.020740730409406,3
48,24.875,5.510059435773356,5.687658227848101,5.438269615178279,3
49,15.470569620253164,6.930561918128127,7.484810126582278,7.040903216391207,2
50,14.962025316455696,4.461273091118075,6.810759493670886,4.514716331864763,3
52,13.525949367088607,5.312932019620506,7.084810126582278,5.366565236667076,0
53,16.278164556962025,5.782501174546168,6.292405063291139,5.727919265125274,0
54,12.133227848101265,3.966977932991936,4.078797468354431,3.9945903364970303,3
55,8.999050632911393,3.296616256690218,3.401582278481013,3.233029919316918,1
56,10.01645569620253,3.841639883424955,3.7537974683544304,3.8441650685826216,3
57,10.293987341772151,3.65234558705395,3.8693037974683544,3.6884453131668273,3
58,18.84715189873418,4.744072937511815,4.529113924050633,4.772551355905662,3
59,10.474683544303797,4.36016874002041,5.612974683544304,4.330142299321771,3
60,17.049683544303797,3.94113057229648,4.451898734177215,3.8393131692757607,3
61,26.406962025316457,11.48880356776227,11.364556962025317,11.152941635106664,2
62,19.274683544303798,4.909680428818084,3.8585443037974683,4.875329853981274,3
63,17.135759493670886,4.408069062974072,4.212341772151898,4.364107202856805,3
64,18.274367088607594,4.267159416813687,4.302848101265822,4.2678289003128125,3
65,21.465822784810126,4.181173563117515,4.629746835443038,4.326088025692054,3
66,17.356012658227847,3.6313365554150816,4.122784810126582,3.57917544029875,3
67,17.053797468354432,4.264552183729911,4.117088607594937,4.2998810033517385,3
68,8.27626582278481,3.808315485429882,5.290189873417722,3.6102846253881427,1
69,11.720886075949368,4.419510597544334,5.524683544303797,4.5229559273602735,3
70,10.573101265822785,4.46225468511516,6.883544303797469,4.419199825577567,0
71,13.894303797468355,4.289931580896507,6.245253164556962,4.140953090391683,3
72,12.257278481012658,4.012320081828337,6.871835443037975,3.9686606013612726,3
73,7.277531645569621,4.08161454791728,7.836708860759494,4.3285363825419685,0
74,12.647784810126582,3.7109466711128962,5.131329113924051,3.678453747784167,3
75,13.462025316455696,5.633792218703562,6.943987341772152,5.640352448118621,0
76,8.061392405063291,4.354288214415762,6.336392405063291,4.654760788406129,0
77,6.382594936708861,3.975886589913349,6.034810126582278,4.108845563712206,1
78,9.078164556962026,4.984550152202907,6.758544303797469,5.145762917805969,0
79,12.74873417721519,5.062774500210715,6.828164556962025,5.255657448715927,0
80,10.609493670886076,6.080293056767936,11.084810126582278,6.056170304823366,0
81,21.29525316455696,7.107449395501421,10.77753164556962,7.454974156848353,2
82,11.10759493670886,6.085739034958732,8.88639240506329,5.9945690011699,0
83,7.451898734177215,5.037205312075055,8.755379746835443,4.856402963609193,0
84,14.69113924050633,6.1972574042742465,8.62753164556962,6.155230656437342,2
85,14.270569620253164,5.419229446325606,6.906962025316456,5.1554084010903765,0
86,9.062974683544304,4.908032579798186,8.378481012658227,4.933278685718632,0
87,15.746835443037975,6.486147323957554,8.23006329113924,6.65154372063142,2
88,15.227848101265822,6.5740949247393505,7.818987341772152,6.673369393080473,2
89,13.34746835443038,5.839536242054246,7.313291139240507,5.9414640069955444,0
90,19.41012658227848,4.250262116914405,5.099050632911393,4.342491496836181,3
91,15.64493670886076,4.174782939856477,4.684177215189873,4.336247426208257,3
92,9.587341772151898,3.5438685092767517,5.131329113924051,3.541125383707049,1
93,10.574683544303797,4.52772314593242,6.132594936708861,4.408380846851732,0
94,18.518037974683544,5.648705455726973,5.727848101265823,5.8564107174650175,3
95,9.26993670886076,6.30773413893634,11.509493670886076,6.456902076247202,2
96,18.815822784810127,4.7454617983802025,4.631012658227848,4.855159507128729,3
97,15.711075949367089,4.940776588341915,4.658860759493671,5.0633296071442775,3
98,9.967405063291139,5.610205357533163,9.177848101265823,5.725935767520154,0
99,10.470569620253164,4.030874160035705,4.620886075949367,4.0561827372428265,3
100,12.112341772151899,4.657334267465988,6.77246835443038,4.740275687665533,0
102,9.675316455696203,4.86828326203915,6.745569620253165,4.856583173241071,0
104,9.62120253164557,4.765058914748647,7.670253164556962,4.769336072337375,0
105,8.922151898734176,5.131350037039354,8.165189873417722,5.161395494054998,0
106,10.962341772151898,5.976013006715899,9.232278481012658,5.945130231627824,0
107,17.02278481012658,6.092054189366371,8.748417721518987,6.308743990708452,2
108,10.668037974683545,4.696916334840039,8.74240506329114,4.945742898156202,0
109,15.31867088607595,6.755347931697605,9.47626582278481,6.823655387776159,2
110,12.620886075949366,3.262777571317829,4.792405063291139,3.2325611575150006,3
111,17.235759493670887,7.198214737191929,9.067721518987343,7.065458595042362,2
112,8.866455696202532,5.724874065467541,9.774050632911392,5.73495726002066,0
113,14.207278481012658,4.109810859095888,4.839873417721519,4.06129734235218,3
114,12.00759493670886,5.128294468309507,5.971835443037975,4.740178475195963,0
115,8.55328798185941,5.204283846862287,7.271137026239067,4.927933602246713,0
117,12.663924050632911,4.808820090434115,6.842405063291139,4.955564425832353,0
118,7.469620253164557,4.84338717730239,8.023101265822785,4.872717153913547,0
119,12.72373417721519,6.806831845827323,10.67246835443038,6.7817233097468455,2
120,8.711392405063291,5.148285161023452,8.393987341772151,5.023543360492,0
121,11.320569620253165,4.245410272366686,5.267721518987342,4.320622295045115,3
122,11.364556962025317,4.893290895031247,7.35506329113924,4.838827443172528,0
123,13.16993670886076,5.459330309545746,7.772784810126582,5.364842212976965,0
124,8.540822784810127,4.7479268183841805,8.15253164556962,4.977266449204222,0
125,16.855379746835442,4.074057570970349,6.094620253164557,4.141861914081942,3
126,10.23607594936709,6.792914006765784,10.80632911392405,6.804405063930956,2
127,8.668354430379747,4.270545017457867,5.599367088607595,4.209863406338079,1
129,9.043354430379747,4.406930728240097,6.161708860759494,4.2791323852262195,0
130,7.781962025316456,3.919124295539529,6.357278481012658,4.036382207076119,1
131,8.722151898734177,4.56406159422308,9.971518987341772,4.676743858129198,0
132,10.74746835443038,4.389492177759516,6.8822784810126585,4.417661737963392,0
133,14.33860759493671,4.655314161697554,5.841772151898734,4.620271547485814,3
134,8.687341772151898,5.9617089248909,8.909810126582279,5.734753680325172,0
135,9.509177215189874,5.279876141888314,7.3509493670886075,4.949053428282222,0
136,5.75253164556962,3.782905843574105,6.329746835443038,3.7627657063010838,1
137,7.108227848101266,4.50517573957203,7.675,4.5057462169094045,0
138,10.212974683544303,4.455387810711313,7.111708860759494,4.439012591373542,0
139,13.99873417721519,4.702817342627973,8.28386075949367,4.740975896680695,0
140,20.14240506329114,5.275563119734266,7.776582278481013,5.4382564721010755,0
141,11.6623417721519,3.9297696070600496,5.993670886075949,3.9636634396132333,3
142,13.179430379746835,4.994687363555961,6.656645569620253,4.97332105011346,0
143,12.179113924050633,4.249597173579843,6.317721518987342,4.197973839906235,3
144,10.688924050632911,5.280639869983413,9.929746835443037,5.282893121509432,0
145,6.577848101265823,5.2021146918538035,10.915822784810127,5.236043081794031,0
146,9.813924050632911,5.10654408064181,9.400316455696203,5.082373056545097,0
147,7.434177215189873,5.614792701005453,10.449050632911392,5.582096067129145,0
148,9.74367088607595,4.832109201426581,7.293354430379747,4.724812778382712,0
149,13.682911392405064,4.695618953705824,6.7215189873417724,4.591062263720416,0
150,9.998417721518987,3.7597606259891125,5.553164556962026,3.6076607822601225,1
151,12.819303797468354,7.132975256794358,10.863924050632912,7.101477790773076,2
152,11.095253164556961,5.1528805074183275,7.295886075949367,4.930872134421104,0
153,8.60854430379747,4.853888221354055,8.825949367088608,4.845451689372431,0
154,8.73259493670886,4.878681480885367,8.49240506329114,4.733004874761257,0
155,8.808227848101266,5.409410687618541,9.734493670886076,5.295875110955991,0
156,10.241455696202532,4.46110727236364,5.709493670886076,4.324496621796816,3
157,9.28639240506329,5.2405816232300415,8.940506329113925,5.136959757711746,0
158,10.731645569620254,5.1205918338645455,7.35379746835443,4.94433894795677,0
159,12.733227848101265,4.3602462922422305,5.5284810126582276,3.861377522992879,3
160,9.081962025316455,4.314179740093499,6.676582278481012,4.26739469871204,0
161,7.6155063291139244,3.872036754229923,6.621835443037975,3.8546351994951746,1
162,7.908544303797468,4.5578331219890424,7.591139240506329,4.696005721552938,0
163,10.359493670886076,5.216175659026087,8.143987341772151,5.1209952043862685,0
164,12.682594936708862,4.051138863457519,6.412025316455696,3.9589354233137644,3
165,7.988607594936709,3.270518780051137,6.1110759493670885,3.013109078512791,1
166,13.175632911392405,4.66067733055436,5.265506329113924,4.46576935997985,3
167,8.086708860759494,5.276592812609562,9.073101265822785,5.191859164613726,0
168,12.438291139240507,5.373600564220397,6.983860759493671,5.413692350133827,0
169,6.888291139240506,4.5974230216568905,8.531645569620252,4.487851966321637,0
170,9.599683544303797,5.204053977835392,6.729746835443038,4.789299160692231,0
171,9.255379746835443,3.862011661742681,7.656645569620253,3.9079492384230283,0
172,14.95632911392405,3.5571565758708994,4.756962025316455,3.447859112289338,3
173,8.474683544303797,5.191184198116369,9.385443037974683,5.173180967559841,0
174,13.525316455696203,4.0624273313604595,5.267088607594936,4.118172776044666,3
175,22.292088607594938,5.633229155945129,6.515506329113924,5.507979770211375,3
176,14.227215189873418,3.5421247173176837,3.6240506329113926,3.541968883900145,3
177,15.44113924050633,3.0332676854784313,3.969620253164557,3.01148395754655,3
178,16.119620253164555,3.8290794988173547,3.6737341772151897,3.8551905841653364,3
179,10.270253164556962,3.817256588499972,5.5518987341772155,3.8336528463230146,1
180,8.631962025316456,5.019208807629731,8.705696202531646,5.006747503730753,0
181,8.669303797468354,4.479117685621166,8.216772151898734,4.465424522751638,0
182,9.941455696202532,4.565730049443688,9.614873417721519,4.596553099388116,0
183,9.969303797468354,4.125754411942765,6.738924050632911,3.8934695180755785,1
184,11.930379746835444,4.958411514121162,7.4693037974683545,4.844365458083262,0
185,6.968987341772152,4.340047423293158,7.62120253164557,4.366683682008704,0
186,8.012341772151899,3.222984420654099,6.370569620253165,3.084802425852829,1
187,9.902848101265823,4.175903318316651,6.8800632911392405,4.198144873892651,0
188,14.024367088607596,4.046701247803775,5.042721518987341,3.983871909254068,3
189,12.793037974683545,3.631517918408204,5.332594936708861,3.5542840818436727,3
190,9.677531645569621,4.204054659101462,7.536075949367088,4.202830237018157,0
191,9.543987341772151,4.816936386389208,8.12879746835443,4.954065016417141,0
192,10.135126582278481,4.449189096681918,9.71613924050633,4.555047463109347,0
193,13.23006329113924,4.096715536291645,5.5439873417721515,4.136247393547824,3
194,15.384810126582279,3.1179245135098377,4.104113924050633,2.957049646933735,3
195,12.09367088607595,4.364460974784673,5.0810126582278485,4.2990189609293905,3
196,15.510443037974683,3.271102642465644,3.4227848101265823,3.331868600010176,3
197,13.496835443037975,3.9078483037099314,4.235759493670886,3.9180170502380496,3
198,11.702215189873417,3.537739574343418,5.661708860759494,3.6113572904099547,3
199,15.439556962025316,4.046753331894754,4.837341772151898,3.905191456724091,3
201,10.268354430379746,4.230926529521361,6.340822784810126,4.262141989683292,0
202,12.839240506329114,2.9812293523243456,3.723417721518987,2.7999834423043857,3
203,11.409493670886077,5.370481829766047,8.29873417721519,5.313531465118443,0
204,9.535126582278481,5.223407180509568,7.875316455696202,5.152221472140728,0
205,12.184177215189873,4.1351345851851065,5.3610759493670885,4.1666386453672,3
206,12.27753164556962,4.544444958060257,5.227848101265823,4.517348969433915,3
207,13.16487341772152,3.6315377106880105,3.768987341772152,3.6531028046220686,3
209,9.646835443037975,4.6712725999674705,7.435443037974683,4.642756218605092,0
210,12.081012658227849,3.4674473497968226,4.775316455696203,3.4594597215328236,3
211,12.098101265822784,3.443828113574369,5.7069620253164555,3.5316435438401763,3
213,11.41993670886076,4.487319688042918,5.143037974683544,4.472820626223039,3
214,10.630379746835443,4.038838180407358,5.378164556962025,4.139047812564078,3
215,14.394620253164558,3.970088724129783,5.076582278481013,3.9416232071315833,3
216,11.413924050632911,3.3732926504239598,5.536708860759494,3.3612196197385287,1
217,9.79493670886076,4.93692789489183,8.075,4.954213435978588,0
218,11.649367088607596,3.9490863394970073,5.885443037974683,4.003422498291294,3
219,8.885759493670886,4.9697329928288045,8.759493670886076,4.912762713281567,0
220,9.758544303797468,4.755988521168284,8.313607594936709,5.064203644643601,0
221,11.248101265822784,5.533617328367924,7.777215189873417,5.48811370622403,0
222,10.595886075949368,4.61389736707404,7.491139240506329,4.705635421096901,0
223,15.528164556962025,4.773352928624299,5.7873417721518985,4.745137751370637,3
224,15.255379746835443,4.592233301276571,4.156645569620253,4.4915403738290705,3
225,13.000632911392405,3.976505818304105,5.847151898734177,4.040753707485915,3
226,9.942405063291138,4.878696891176281,6.215506329113924,4.454626520000502,0
227,26.110759493670887,4.527403605297371,3.7281645569620254,4.461984383539005,3
228,12.793354430379747,3.632189650846227,3.3186708860759495,3.3772087923139136,3
229,12.470253164556961,3.8889785825011915,4.080379746835443,3.713189428805003,3
230,14.338924050632912,4.225969709770615,4.090822784810126,4.122949531554638,3
231,12.04240506329114,3.7768692439238123,5.461708860759494,3.8126165812159853,3
232,7.941139240506329,3.938955367689056,5.906645569620253,3.6805599018643558,1
233,13.222784810126582,4.302842523360476,5.362974683544304,3.8822763495548487,3
234,6.692088607594937,4.398746627693731,7.266772151898734,4.149093467121184,0
235,12.913291139240506,3.67405117451702,4.957278481012659,3.6320664211702653,3
236,13.234177215189874,4.263507439001168,5.410126582278481,4.114400622399047,3
237,11.581012658227849,4.829582680701847,7.115822784810127,4.670043848569893,0
238,10.36867088607595,3.9669215691248128,5.6556962025316455,3.929877498554092,3
239,14.286075949367088,6.103190602528498,8.267721518987342,6.075798195170087,2
240,7.449367088607595,4.601701473665033,10.24367088607595,4.512946920525161,0
241,12.33512658227848,3.8504860449462415,6.364873417721519,4.149100710329048,3
242,8.281962025316457,3.162666631206422,5.902215189873417,3.0996320837576796,1
243,11.281012658227848,3.0185907438701753,5.256645569620253,2.9964028472688042,1
244,9.653164556962025,3.8937238301819344,6.583227848101266,4.052290028076987,1
245,11.603164556962025,4.734561333504122,7.069303797468354,4.703888407494346,0
246,7.913924050632912,5.701407037751377,10.329430379746835,5.779861090949247,0
247,9.805379746835444,3.3013330326453745,5.968670886075949,3.3441372121200037,1
248,15.469303797468354,2.457683809656503,3.9968354430379747,2.416308442155571,3
249,11.58512658227848,3.2877751323811406,5.601898734177215,3.2842149648423398,1
250,9.419620253164556,4.339851316276813,6.821518987341772,4.402125328771588,0
251,9.995886075949366,3.0269940185829003,3.117721518987342,2.9299194281266354,1
252,9.478797468354431,4.317290026395038,7.959810126582278,4.410191938725155,0
253,13.173101265822785,3.722416272851164,6.704113924050633,3.7304877619934405,3
254,7.881645569620253,3.635311651268436,6.657594936708861,3.6875223896721367,1
255,7.476582278481013,3.9682288052452317,8.084177215189873,3.817190455801967,0
256,10.910759493670886,3.8994498105112436,6.57626582278481,3.8979389987963886,1
257,7.874367088607595,3.639201449536168,7.688291139240507,3.6085775364685264,1
258,13.09746835443038,3.1947438109116764,4.452215189873418,3.1652185669651014,3
259,11.339240506329114,4.4641420406011525,8.608227848101265,4.443411064905185,0
260,8.391772151898735,3.9740765729627294,9.030063291139241,3.665161738444716,0
261,8.900316455696203,3.6875259076911937,6.709810126582278,3.5242072419790884,1
262,13.666455696202531,3.498041070023507,4.242088607594937,3.499278730691683,3
263,11.711392405063291,4.285653011966049,5.507594936708861,4.034271422129829,3
264,11.988291139240506,3.68791077772337,4.979113924050633,3.2428664506924556,3
265,7.360126582278481,4.23585204286942,8.920886075949367,4.337320888633228,0
266,8.837341772151898,5.073202464418126,9.13892405063291,5.083102133573496,0
267,8.734177215189874,3.711105518051956,5.60253164556962,3.590144248122685,1
268,12.123101265822784,5.513720364066029,7.027848101265823,5.644292720864132,0
269,10.681645569620253,3.76568096100077,6.760443037974683,3.818684814582138,1
270,5.190189873417721,3.675276771866066,8.659493670886077,3.7179618084989254,1
271,10.472151898734177,4.88330260248163,8.659493670886077,4.84157417747018,0
272,6.9984177215189876,4.389799108203637,9.697468354430379,4.324769818299132,0
273,11.570886075949367,3.6397667116742887,6.095886075949367,3.61155800517597,3
274,11.481962025316456,4.003677157370519,5.7806962025316455,4.113190452372074,3
275,9.554430379746835,3.9877399155759656,6.8933544303797465,4.0066840499327405,1
276,6.9794303797468356,3.2583038764869787,10.208860759493671,3.531531726302667,0
277,5.9012658227848105,3.680290451634421,11.026582278481012,3.778354534848758,0
278,11.389240506329115,3.2382074352739734,5.458544303797468,3.1698049777986035,1
279,7.47753164556962,4.303771057336968,8.23860759493671,4.357703765307876,0
280,8.12246835443038,5.5281834164281545,8.818354430379747,5.47744910518729,0
281,10.065189873417722,3.740496912566638,5.50379746835443,3.669124378352953,1
282,1.8563291139240505,4.194645791198429,14.126582278481013,4.140816950430167,0
283,15.011075949367088,3.5064546073194123,4.580696202531645,3.4960938936093666,3
284,9.84873417721519,3.4373005107366956,4.455379746835443,3.218521725414056,1
285,8.701898734177215,4.918171453777099,8.677531645569621,4.880282658915061,0
286,6.60253164556962,3.662337932905793,5.887974683544304,3.5450496066358363,1
287,20.13639240506329,4.8163557102613925,9.837341772151898,4.825095106745328,0
288,25.594303797468353,8.423799502539895,7.6044303797468356,8.659642452168177,2
289,6.225632911392405,3.6125297995236076,6.44873417721519,3.5586567199033925,1
290,4.869303797468355,4.020957383581757,7.4113924050632916,3.973128714266119,1
291,7.639873417721519,3.0367682434053944,4.207278481012659,3.0641155722729976,1
293,7.347151898734177,3.7108268126891715,5.174367088607595,3.5772541128231916,1
294,5.407278481012658,3.7174175988135323,5.9056962025316455,3.644971535625774,1
295,6.469620253164557,3.60810014925063,5.5518987341772155,3.537055172501422,1
296,7.166139240506329,3.214883917099086,4.716455696202532,3.202758006615357,1
297,6.048101265822785,3.239842216875457,6.187341772151899,3.15622026980747,1
298,5.942721518987342,3.835103542498303,6.238607594936709,3.9924782822523817,1
299,6.50379746835443,3.1833272142053057,5.946835443037974,3.1424484193877054,1
300,5.0015822784810124,2.9504181776138854,6.207911392405063,3.0916363508848597,1
301,6.10253164556962,2.9505140766489815,4.780379746835443,2.7970037525655456,1
302,7.612658227848101,2.7813591540025357,3.711392405063291,2.676902829798441,1
304,6.906645569620253,3.4863937783058776,4.892721518987342,3.297942829347761,1
305,6.330063291139241,3.395281159546517,4.681962025316456,3.138532583737858,1
306,6.281962025316456,3.422444762598332,5.516139240506329,3.534086576824264,1
307,4.990189873417721,3.5526473098108537,6.886392405063291,3.5881789880046586,1
308,6.965822784810126,3.24704598800668,5.116455696202531,3.1745238806601757,1
309,4.4715189873417724,3.059577084657506,8.237341772151899,3.0078505317629114,1
310,5.390822784810126,3.2168800327190428,6.3800632911392405,3.1444360880634417,1
311,3.679746835443038,2.7210680614806386,7.8420886075949365,2.818684673860912,1
312,2.15126582278481,3.0527542163404284,10.737658227848101,3.124792803305789,1
313,4.915506329113924,2.9329556105480377,8.02879746835443,2.9597050873325514,1
314,5.130379746835443,3.0785991243795485,7.857278481012658,3.0780000637090064,1
315,5.280063291139241,3.259347188046392,7.4860759493670885,3.235085208025967,1
316,3.5585443037974684,3.0053855481562803,8.544303797468354,3.0302786382817337,1
317,4.939556962025317,3.696779369675085,7.591455696202532,3.6273716435970003,1
319,5.3677215189873415,3.5579900673088267,6.54873417721519,3.5243688775481092,1
320,5.8677215189873415,3.4931628418582767,6.165506329113924,3.510236475047584,1
321,6.313607594936709,4.176321762153581,6.245886075949367,4.102977498007648,1
323,4.527215189873417,3.062690943129564,5.529746835443038,3.024391912094895,1
324,6.9379746835443035,2.7288478609659457,4.043354430379747,2.727874267506096,1
325,4.911075949367088,3.3176274022522163,6.910759493670886,3.421753870401715,1
326,6.495569620253165,3.0324789282629547,5.768987341772152,3.030151361092068,1
327,6.300632911392405,3.956970150003745,6.498101265822785,3.9390733708679524,1
328,4.728164556962025,3.2902001964677545,7.22879746835443,3.197101183368314,1
329,7.656645569620253,2.9866464672443676,5.178164556962026,2.951796623992132,1
330,6.309177215189873,4.132612360180747,6.130379746835443,4.07977910103393,1
331,8.511075949367088,3.0431950116618425,4.165506329113924,3.058076669837606,1
332,7.366455696202531,2.8440328842103106,3.315506329113924,2.748532094911094,1
333,5.748101265822785,3.6017955059389095,6.957594936708861,3.7908404011489183,1
334,7.277215189873417,3.7765692508728717,4.471202531645569,3.7041329992105254,1
335,6.792088607594937,2.267515776883155,2.829746835443038,2.3251384923007734,1
336,8.150949367088607,3.13700039763223,4.030063291139241,3.1793564896533155,1
337,8.04620253164557,2.535674833231965,3.59746835443038,2.5427014611915477,1
339,7.006645569620253,4.297383953701688,5.600316455696203,4.306998643687761,1
341,8.381645569620254,3.0167693939284983,4.154746835443038,2.9511871835197208,1
342,5.507911392405063,4.205688207672446,6.522151898734177,4.0927227693425206,1
343,7.315189873417721,4.026033943597238,5.373101265822785,4.020173629807572,1
344,5.30253164556962,2.725303782134727,3.425,2.7803535066664216,1
345,6.131962025316455,3.1246131427754005,6.522151898734177,2.963983942707347,1
346,6.652215189873417,3.2973741552358313,6.098101265822785,3.386919170114983,1
347,6.055379746835443,3.3748276095540386,6.3129746835443035,3.1835019091900385,1
348,3.6186708860759493,2.7051764956572404,6.57626582278481,2.787369192237775,1
349,3.8401898734177213,3.0681968954622962,8.09113924050633,3.018763307785358,1
350,3.461392405063291,2.8253639036708917,5.042405063291139,2.8797970960100088,1
351,4.477848101265823,3.4841680260170675,6.39620253164557,3.4597104229901143,1
352,5.069303797468354,3.1360327861922834,6.036708860759494,3.185801724542026,1
353,5.17753164556962,2.616902999037986,5.824683544303798,2.795265447442592,1
354,5.4145569620253164,3.391558445053391,6.659493670886076,3.519025987840082,1
357,5.362341772151899,3.665592464201048,7.318987341772152,3.676127859114831,1
358,6.093987341772152,3.5153120383950434,6.038924050632912,3.5035464482474863,1
359,8.633544303797468,2.8187656504710046,3.6455696202531644,2.771390832442915,1
360,9.510126582278481,2.5786566404703724,3.117088607594937,2.552064828578134,1
361,7.0306962025316455,3.2999286527321527,4.714240506329114,3.5979030497722353,1
362,8.004746835443038,3.4373573260543537,4.375316455696202,3.150688166715696,1
364,7.986708860759494,3.731722017463608,4.451582278481013,3.7103327607516996,1
366,5.716139240506329,3.4379765069592856,6.107911392405064,3.6966400825224914,1
367,4.493670886075949,3.090380331162852,6.384177215189873,2.9987656456478935,1
368,6.135126582278481,3.0721667588676835,6.148101265822785,3.009149738489765,1
369,5.146518987341772,3.662268004308059,6.831645569620253,4.222913252906784,1
370,3.3167721518987343,3.1278503215539852,6.821518987341772,3.3056464929846063,1
371,5.154430379746835,3.564919914446572,6.450632911392405,3.419415484898801,1
372,3.392088607594937,2.5880629262851196,7.275632911392405,2.6423945066487957,1
373,5.092405063291139,3.065757004185315,5.530063291139241,3.1375123163244503,1
374,6.302848101265822,3.357235026543891,5.795886075949367,3.536959315936753,1
375,8.190189873417722,3.4520500483895393,4.618354430379747,3.442455792207591,1
376,7.244303797468355,3.3783942620598757,5.372784810126582,3.4049690656417817,1
377,5.281645569620253,3.869644506275779,6.956329113924051,4.0578272300544835,1
378,8.506012658227847,3.3170488147366632,3.600632911392405,3.200486605045856,1
379,6.735443037974684,3.776471635263398,6.242405063291139,3.7517250531155772,1
381,4.365189873417721,2.7641586869463635,7.667088607594937,3.3143704304393906,1
382,2.912341772151899,2.035823415026928,9.390506329113924,1.833537516893012,1
383,6.254430379746835,2.7117180894654687,5.175632911392405,2.7568742671098523,1
384,3.655379746835443,3.0400777917930224,8.864240506329114,3.172809016494505,1
385,7.516455696202532,3.0663830076394882,5.186708860759493,2.978441147999438,1
386,6.604113924050633,3.592214265581491,6.046518987341772,3.6440275675713054,1
387,5.9905063291139244,3.2547097483521927,6.427215189873418,3.390827034103102,1
388,7.289873417721519,3.367558199509957,5.3085443037974684,3.0960241280786707,1
389,9.752215189873418,2.469246391942016,2.8626582278481014,2.506868921979514,1
390,9.037974683544304,2.3790423879688793,3.6120253164556964,2.1065585218415452,1
391,6.75126582278481,2.966975289212247,5.737658227848101,3.042045692909302,1
394,7.10632911392405,2.6497727818469174,3.7003164556962025,2.696485682796389,1
395,9.289556962025317,2.235717949881759,2.712974683544304,2.208122508739918,1
396,8.700949367088608,2.3420943347167897,3.195253164556962,2.466908486226,1
397,9.093987341772152,2.5036273627178796,3.266139240506329,2.4306250717765296,1
398,6.14873417721519,3.3643427019239422,5.970253164556962,3.4328544921650064,1
399,7.628164556962025,2.8245124607346432,4.971202531645569,2.9173688982544954,1
400,7.256329113924051,3.2851394185932654,5.191772151898734,3.130373118043109,1
1031,37.629113924050635,5.314285832465589,3.7468354430379747,4.962393183511887,3
1032,8.558544303797468,6.9478036161261105,10.684810126582278,6.92637697282169,2
