[
    {
        "datetime": "2024-12-10 12:00:00",
        "temperature": 278.52,
        "humidity": 80,
        "description": "broken clouds",
        "wind_speed": 3.99
    },
    {
        "datetime": "2024-12-10 15:00:00",
        "temperature": 278.73,
        "humidity": 75,
        "description": "light rain",
        "wind_speed": 3.84
    },
    {
        "datetime": "2024-12-10 18:00:00",
        "temperature": 278.1,
        "humidity": 76,
        "description": "overcast clouds",
        "wind_speed": 2.18
    },
    {
        "datetime": "2024-12-10 21:00:00",
        "temperature": 277.36,
        "humidity": 78,
        "description": "overcast clouds",
        "wind_speed": 1.19
    },
    {
        "datetime": "2024-12-11 00:00:00",
        "temperature": 276.4,
        "humidity": 82,
        "description": "overcast clouds",
        "wind_speed": 0.13
    },
    {
        "datetime": "2024-12-11 03:00:00",
        "temperature": 275.91,
        "humidity": 85,
        "description": "overcast clouds",
        "wind_speed": 0.66
    },
    {
        "datetime": "2024-12-11 06:00:00",
        "temperature": 275.5,
        "humidity": 88,
        "description": "overcast clouds",
        "wind_speed": 0.94
    },
    {
        "datetime": "2024-12-11 09:00:00",
        "temperature": 276.74,
        "humidity": 80,
        "description": "overcast clouds",
        "wind_speed": 1.76
    },
    {
        "datetime": "2024-12-11 12:00:00",
        "temperature": 277.7,
        "humidity": 77,
        "description": "light rain",
        "wind_speed": 2.04
    },
    {
        "datetime": "2024-12-11 15:00:00",
        "temperature": 278.55,
        "humidity": 78,
        "description": "light rain",
        "wind_speed": 2.17
    },
    {
        "datetime": "2024-12-11 18:00:00",
        "temperature": 278.34,
        "humidity": 81,
        "description": "overcast clouds",
        "wind_speed": 0.77
    },
    {
        "datetime": "2024-12-11 21:00:00",
        "temperature": 278.55,
        "humidity": 81,
        "description": "overcast clouds",
        "wind_speed": 1.44
    },
    {
        "datetime": "2024-12-12 00:00:00",
        "temperature": 278.75,
        "humidity": 81,
        "description": "overcast clouds",
        "wind_speed": 1.17
    },
    {
        "datetime": "2024-12-12 03:00:00",
        "temperature": 279.09,
        "humidity": 80,
        "description": "overcast clouds",
        "wind_speed": 1.47
    },
    {
        "datetime": "2024-12-12 06:00:00",
        "temperature": 278.47,
        "humidity": 84,
        "description": "light rain",
        "wind_speed": 1.52
    },
    {
        "datetime": "2024-12-12 09:00:00",
        "temperature": 278.99,
        "humidity": 85,
        "description": "light rain",
        "wind_speed": 2.39
    },
    {
        "datetime": "2024-12-12 12:00:00",
        "temperature": 279.88,
        "humidity": 81,
        "description": "overcast clouds",
        "wind_speed": 2.58
    },
    {
        "datetime": "2024-12-12 15:00:00",
        "temperature": 281.74,
        "humidity": 82,
        "description": "overcast clouds",
        "wind_speed": 2.65
    },
    {
        "datetime": "2024-12-12 18:00:00",
        "temperature": 280.87,
        "humidity": 88,
        "description": "overcast clouds",
        "wind_speed": 3.02
    },
    {
        "datetime": "2024-12-12 21:00:00",
        "temperature": 280.82,
        "humidity": 94,
        "description": "light rain",
        "wind_speed": 2.65
    },
    {
        "datetime": "2024-12-13 00:00:00",
        "temperature": 280.51,
        "humidity": 92,
        "description": "moderate rain",
        "wind_speed": 3.12
    },
    {
        "datetime": "2024-12-13 03:00:00",
        "temperature": 280.44,
        "humidity": 90,
        "description": "overcast clouds",
        "wind_speed": 3.38
    },
    {
        "datetime": "2024-12-13 06:00:00",
        "temperature": 279.38,
        "humidity": 92,
        "description": "overcast clouds",
        "wind_speed": 4.75
    },
    {
        "datetime": "2024-12-13 09:00:00",
        "temperature": 280.66,
        "humidity": 92,
        "description": "moderate rain",
        "wind_speed": 2.55
    },
    {
        "datetime": "2024-12-13 12:00:00",
        "temperature": 281.09,
        "humidity": 87,
        "description": "light rain",
        "wind_speed": 4.11
    },
    {
        "datetime": "2024-12-13 15:00:00",
        "temperature": 282.47,
        "humidity": 81,
        "description": "broken clouds",
        "wind_speed": 3.86
    },
    {
        "datetime": "2024-12-13 18:00:00",
        "temperature": 279.74,
        "humidity": 91,
        "description": "scattered clouds",
        "wind_speed": 4.13
    },
    {
        "datetime": "2024-12-13 21:00:00",
        "temperature": 278.99,
        "humidity": 94,
        "description": "broken clouds",
        "wind_speed": 3.55
    },
    {
        "datetime": "2024-12-14 00:00:00",
        "temperature": 278.25,
        "humidity": 95,
        "description": "scattered clouds",
        "wind_speed": 2.53
    },
    {
        "datetime": "2024-12-14 03:00:00",
        "temperature": 277.59,
        "humidity": 94,
        "description": "few clouds",
        "wind_speed": 2.02
    },
    {
        "datetime": "2024-12-14 06:00:00",
        "temperature": 277.14,
        "humidity": 90,
        "description": "few clouds",
        "wind_speed": 1.74
    },
    {
        "datetime": "2024-12-14 09:00:00",
        "temperature": 278.91,
        "humidity": 77,
        "description": "scattered clouds",
        "wind_speed": 1.1
    },
    {
        "datetime": "2024-12-14 12:00:00",
        "temperature": 282.6,
        "humidity": 57,
        "description": "broken clouds",
        "wind_speed": 1.73
    },
    {
        "datetime": "2024-12-14 15:00:00",
        "temperature": 283.13,
        "humidity": 62,
        "description": "few clouds",
        "wind_speed": 2.18
    },
    {
        "datetime": "2024-12-14 18:00:00",
        "temperature": 280.16,
        "humidity": 79,
        "description": "scattered clouds",
        "wind_speed": 1.99
    },
    {
        "datetime": "2024-12-14 21:00:00",
        "temperature": 279.44,
        "humidity": 88,
        "description": "broken clouds",
        "wind_speed": 2.8
    },
    {
        "datetime": "2024-12-15 00:00:00",
        "temperature": 279.85,
        "humidity": 86,
        "description": "light rain",
        "wind_speed": 3.18
    },
    {
        "datetime": "2024-12-15 03:00:00",
        "temperature": 278.29,
        "humidity": 92,
        "description": "light rain",
        "wind_speed": 3.3
    },
    {
        "datetime": "2024-12-15 06:00:00",
        "temperature": 278.18,
        "humidity": 91,
        "description": "scattered clouds",
        "wind_speed": 2.75
    },
    {
        "datetime": "2024-12-15 09:00:00",
        "temperature": 279.87,
        "humidity": 86,
        "description": "overcast clouds",
        "wind_speed": 2.35
    }
]